TimeStamp;wipingCmd;WiperMotorAngle;WiperMotorSpeed;wiperMotorLowSpeedOut;wiperMotorHighSpeedOut;Wiping_HMI_rqst;wiperParkStatusIn;wiperParkStatusOut;wiperMotorLowSpeed;Digital_WiperHi;Digital_WiperLo
0,0,0.000000,0.000000,0,0,0,0,0,0,0,0
99,,,,,,3,,,,,
199,,,,,,,,,,,1
299,,,,,,0,,,1,,
301,,,,1,,,,,,,
303,,,30.000000,,,,,,,,
305,,0.360000,,,,,,,,,
307,,0.720000,,,,,,,,,
309,,1.080000,,,,,,,,,
311,,1.440000,,,,,,,,,
313,,1.800000,,,,,,,,,
315,,2.160000,,,,,,,,,
317,,2.520000,,,,,,,,,
319,,2.880000,,,,,,,,,
321,,3.240000,,,,,,,,,
323,,3.600000,,,,,,,,,
325,,3.960000,,,,,,,,,
327,,4.320000,,,,,,,,,
329,,4.680000,,,,,,,,,
331,,5.040000,,,,,,,,,
333,,5.400000,,,,,,,,,
335,,5.760000,,,,,,,,,
337,,6.120000,,,,,,,,,
339,,6.480000,,,,,,,,,
341,,6.840000,,,,,,,,,
343,,7.200000,,,,,,,,,
345,,7.560000,,,,,,,,,
347,,7.920000,,,,,,,,,
349,,8.280000,,,,,,,,,
351,,8.640000,,,,,,,,,
353,,9.000000,,,,,,,,,
355,,9.360000,,,,,,,,,
357,,9.720000,,,,,,,,,
359,,10.080000,,,,,,,,,
361,,10.440000,,,,,,,,,
363,,10.800000,,,,,,,,,
365,,11.160000,,,,,,,,,
367,,11.520000,,,,,,,,,
369,,11.880000,,,,,,,,,
371,,12.240000,,,,,,,,,
373,,12.600000,,,,,,,,,
375,,12.960000,,,,,,,,,
377,,13.320000,,,,,,,,,
379,,13.680000,,,,,,,,,
381,,14.040000,,,,,,,,,
383,,14.400000,,,,,,,,,
385,,14.760000,,,,,,,,,
387,,15.120000,,,,,,,,,
389,,15.480000,,,,,,,,,
391,,15.840000,,,,,,,,,
393,,16.200000,,,,,,,,,
395,,16.560000,,,,,,,,,
397,,16.920000,,,,,,,,,
399,,17.280000,,,,,,,,,
401,,17.640000,,,,,,,,,
403,,18.000000,,,,,,,,,
405,,18.360000,,,,,,,,,
407,,18.720000,,,,,,,,,
409,,19.080000,,,,,,,,,
411,,19.440000,,,,,,,,,
413,,19.800000,,,,,,,,,
415,,20.160000,,,,,,,,,
417,,20.520000,,,,,1,,,,
419,,20.880000,,,,,,,,,
421,,21.240000,,,,,,,,,
423,,21.600000,,,,,,,,,
425,,21.960000,,,,,,,,,
427,,22.320000,,,,,,,,,
429,,22.680000,,,,,,,,,
431,,23.040000,,,,,,,,,
433,,23.400000,,,,,,,,,
435,,23.760000,,,,,,,,,
437,,24.120000,,,,,,,,,
439,,24.480000,,,,,,,,,
441,,24.840000,,,,,,,,,
443,,25.200000,,,,,,,,,
445,,25.560000,,,,,,,,,
447,,25.920000,,,,,,,,,
449,,26.280000,,,,,,1,,,
451,,26.640000,,,,,,,,,
453,,27.000000,,,,,,,,,
455,,27.360000,,,,,,,,,
457,,27.720000,,,,,,,,,
459,,28.080000,,,,,,,,,
461,,28.440000,,,,,,,,,
463,,28.800000,,,,,,,,,
465,,29.160000,,,,,,,,,
467,,29.520000,,,,,,,,,
469,,29.880000,,,,,,,,,
471,,30.240000,,,,,,,,,
473,,30.600000,,,,,,,,,
475,,30.960000,,,,,,,,,
477,,31.320000,,,,,,,,,
479,,31.680000,,,,,,,,,
481,,32.040000,,,,,,,,,
483,,32.400000,,,,,,,,,
485,,32.760000,,,,,,,,,
487,,33.120000,,,,,,,,,
489,,33.480000,,,,,,,,,
491,,33.840000,,,,,,,,,
493,,34.200000,,,,,,,,,
495,,34.560000,,,,,,,,,
497,,34.920000,,,,,,,,,
499,,35.280000,,,,,,,,,
501,,35.640000,,,,,,,,,
503,,36.000000,,,,,,,,,
505,,36.360000,,,,,,,,,
507,,36.720000,,,,,,,,,
509,,37.080000,,,,,,,,,
511,,37.440000,,,,,,,,,
513,,37.800000,,,,,,,,,
515,,38.160000,,,,,,,,,
517,,38.520000,,,,,,,,,
519,,38.880000,,,,,,,,,
521,,39.240000,,,,,,,,,
523,,39.600000,,,,,,,,,
525,,39.960000,,,,,,,,,
527,,40.320000,,,,,,,,,
529,,40.680000,,,,,,,,,
531,,41.040000,,,,,,,,,
533,,41.400000,,,,,,,,,
535,,41.760000,,,,,,,,,
537,,42.120000,,,,,,,,,
539,,42.480000,,,,,,,,,
541,,42.840000,,,,,,,,,
543,,43.200000,,,,,,,,,
545,,43.560000,,,,,,,,,
547,,43.920000,,,,,,,,,
549,,44.280000,,,,,,,,,0
551,,44.640000,,,,,,,,,
553,,45.000000,,,,,,,,,
555,,45.360000,,,,,,,,,
557,,45.720000,,,,,,,,,
559,,46.080000,,,,,,,,,
561,,46.440000,,,,,,,,,
563,,46.800000,,,,,,,,,
565,,47.160000,,,,,,,,,
567,,47.520000,,,,,,,,,
569,,47.880000,,,,,,,,,
571,,48.240000,,,,,,,,,
573,,48.600000,,,,,,,,,
575,,48.960000,,,,,,,,,
577,,49.320000,,,,,,,,,
579,,49.680000,,,,,,,,,
581,,50.040000,,,,,,,,,
583,,50.400000,,,,,,,,,
585,,50.760000,,,,,,,,,
587,,51.120000,,,,,,,,,
589,,51.480000,,,,,,,,,
591,,51.840000,,,,,,,,,
593,,52.200000,,,,,,,,,
595,,52.560000,,,,,,,,,
597,,52.920000,,,,,,,,,
599,,53.280000,,,,5,,,0,,
601,,53.640000,,0,,,,,,,
603,,54.000000,0.000000,,,,,,,,
999,,,,,,3,,,,,
1099,,,,,,4,,,,,1
1199,,,,,,,,,1,,
1201,,,,1,,,,,,,
1203,,,30.000000,,,,,,,,
1205,,54.360000,,,,,,,,,
1207,,54.720000,,,,,,,,,
1209,,55.080000,,,,,,,,,
1211,,55.440000,,,,,,,,,
1213,,55.800000,,,,,,,,,
1215,,56.160000,,,,,,,,,
1217,,56.520000,,,,,,,,,
1219,,56.880000,,,,,,,,,
1221,,57.240000,,,,,,,,,
1223,,57.600000,,,,,,,,,
1225,,57.960000,,,,,,,,,
1227,,58.320000,,,,,,,,,
1229,,58.680000,,,,,,,,,
1231,,59.040000,,,,,,,,,
1233,,59.400000,,,,,,,,,
1235,,59.760000,,,,,,,,,
1237,,60.120000,,,,,,,,,
1239,,60.480000,,,,,,,,,
1241,,60.840000,,,,,,,,,
1243,,61.200000,,,,,,,,,
1245,,61.560000,,,,,,,,,
1247,,61.920000,,,,,,,,,
1249,,62.280000,,,,,,,,,
1251,,62.640000,,,,,,,,,
1253,,63.000000,,,,,,,,,
1255,,63.360000,,,,,,,,,
1257,,63.720000,,,,,,,,,
1259,,64.080000,,,,,,,,,
1261,,64.440000,,,,,,,,,
1263,,64.800000,,,,,,,,,
1265,,65.160000,,,,,,,,,
1267,,65.520000,,,,,,,,,
1269,,65.880000,,,,,,,,,
1271,,66.240000,,,,,,,,,
1273,,66.600000,,,,,,,,,
1275,,66.960000,,,,,,,,,
1277,,67.320000,,,,,,,,,
1279,,67.680000,,,,,,,,,
1281,,68.040000,,,,,,,,,
1283,,68.400000,,,,,,,,,
1285,,68.760000,,,,,,,,,
1287,,69.120000,,,,,,,,,
1289,,69.480000,,,,,,,,,
1291,,69.840000,,,,,,,,,
1293,,70.200000,,,,,,,,,
1295,,70.560000,,,,,,,,,
1297,,70.920000,,,,,,,,,
1299,,71.280000,,,,,,,,,
1301,,71.640000,,,,,,,,,
1303,,72.000000,,,,,,,,,
1305,,72.360000,,,,,,,,,
1307,,72.720000,,,,,,,,,
1309,,73.080000,,,,,,,,,
1311,,73.440000,,,,,,,,,
1313,,73.800000,,,,,,,,,
1315,,74.160000,,,,,,,,,
1317,,74.520000,,,,,,,,,
1319,,74.880000,,,,,,,,,
1321,,75.240000,,,,,,,,,
1323,,75.600000,,,,,,,,,
1325,,75.960000,,,,,,,,,
1327,,76.320000,,,,,,,,,
1329,,76.680000,,,,,,,,,
1331,,77.040000,,,,,,,,,
1333,,77.400000,,,,,,,,,
1335,,77.760000,,,,,,,,,
1337,,78.120000,,,,,,,,,
1339,,78.480000,,,,,,,,,
1341,,78.840000,,,,,,,,,
1343,,79.200000,,,,,,,,,
1345,,79.560000,,,,,,,,,
1347,,79.920000,,,,,,,,,
1349,,80.280000,,,,,,,,,
1351,,80.640000,,,,,,,,,
1353,,81.000000,,,,,,,,,
1355,,81.360000,,,,,,,,,
1357,,81.720000,,,,,,,,,
1359,,82.080000,,,,,,,,,
1361,,82.440000,,,,,,,,,
1363,,82.800000,,,,,,,,,
1365,,83.160000,,,,,,,,,
1367,,83.520000,,,,,,,,,
1369,,83.880000,,,,,,,,,
1371,,84.240000,,,,,,,,,
1373,,84.600000,,,,,,,,,
1375,,84.960000,,,,,,,,,
1377,,85.320000,,,,,,,,,
1379,,85.680000,,,,,,,,,
1381,,86.040000,,,,,,,,,
1383,,86.400000,,,,,,,,,
1385,,86.760000,,,,,,,,,
1387,,87.120000,,,,,,,,,
1389,,87.480000,,,,,,,,,
1391,,87.840000,,,,,,,,,
1393,,88.200000,,,,,,,,,
1395,,88.560000,,,,,,,,,
1397,,88.920000,,,,,,,,,
1399,,89.280000,,,,5,,,,,
1401,,89.640000,,,,,,,,,
1403,,90.000000,,,,,,,,,
1405,,90.360000,,,,,,,,,
1407,,90.720000,,,,,,,,,
1409,,91.080000,,,,,,,,,
1411,,91.440000,,,,,,,,,
1413,,91.800000,,,,,,,,,
1415,,92.160000,,,,,,,,,
1417,,92.520000,,,,,,,,,
1419,,92.880000,,,,,,,,,
1421,,93.240000,,,,,,,,,
1423,,93.600000,,,,,,,,,
1425,,93.960000,,,,,,,,,
1427,,94.320000,,,,,,,,,
1429,,94.680000,,,,,,,,,
1431,,95.040000,,,,,,,,,
1433,,95.400000,,,,,,,,,
1435,,95.760000,,,,,,,,,
1437,,96.120000,,,,,,,,,
1439,,96.480000,,,,,,,,,
1441,,96.840000,,,,,,,,,
1443,,97.200000,,,,,,,,,
1445,,97.560000,,,,,,,,,
1447,,97.920000,,,,,,,,,
1449,,98.280000,,,,,,,,,
1451,,98.640000,,,,,,,,,
1453,,99.000000,,,,,,,,,
1455,,99.360000,,,,,,,,,
1457,,99.720000,,,,,,,,,
1459,,100.080000,,,,,,,,,
1461,,100.440000,,,,,,,,,
1463,,100.800000,,,,,,,,,
1465,,101.160000,,,,,,,,,
1467,,101.520000,,,,,,,,,
1469,,101.880000,,,,,,,,,
1471,,102.240000,,,,,,,,,
1473,,102.600000,,,,,,,,,
1475,,102.960000,,,,,,,,,
1477,,103.320000,,,,,,,,,
1479,,103.680000,,,,,,,,,
1481,,104.040000,,,,,,,,,
1483,,104.400000,,,,,,,,,
1485,,104.760000,,,,,,,,,
1487,,105.120000,,,,,,,,,
1489,,105.480000,,,,,,,,,
1491,,105.840000,,,,,,,,,
1493,,106.200000,,,,,,,,,
1495,,106.560000,,,,,,,,,
1497,,106.920000,,,,,,,,,
1499,,107.280000,,,,,,,,,0
1501,,107.640000,,,,,,,,,
1503,,108.000000,,,,,,,,,
1505,,108.360000,,,,,,,,,
1507,,108.720000,,,,,,,,,
1509,,109.080000,,,,,,,,,
1511,,109.440000,,,,,,,,,
1513,,109.800000,,,,,,,,,
1515,,110.160000,,,,,,,,,
1517,,110.520000,,,,,,,,,
1519,,110.880000,,,,,,,,,
1521,,111.240000,,,,,,,,,
1523,,111.600000,,,,,,,,,
1525,,111.960000,,,,,,,,,
1527,,112.320000,,,,,,,,,
1529,,112.680000,,,,,,,,,
1531,,113.040000,,,,,,,,,
1533,,113.400000,,,,,,,,,
1535,,113.760000,,,,,,,,,
1537,,114.120000,,,,,,,,,
1539,,114.480000,,,,,,,,,
1541,,114.840000,,,,,,,,,
1543,,115.200000,,,,,,,,,
1545,,115.560000,,,,,,,,,
1547,,115.920000,,,,,,,,,
1549,,116.280000,,,,,,,,,
1551,,116.640000,,,,,,,,,
1553,,117.000000,,,,,,,,,
1555,,117.360000,,,,,,,,,
1557,,117.720000,,,,,,,,,
1559,,118.080000,,,,,,,,,
1561,,118.440000,,,,,,,,,
1563,,118.800000,,,,,,,,,
1565,,119.160000,,,,,,,,,
1567,,119.520000,,,,,,,,,
1569,,119.880000,,,,,,,,,
1571,,120.240000,,,,,,,,,
1573,,120.600000,,,,,,,,,
1575,,120.960000,,,,,,,,,
1577,,121.320000,,,,,,,,,
1579,,121.680000,,,,,,,,,
1581,,122.040000,,,,,,,,,
1583,,122.400000,,,,,,,,,
1585,,122.760000,,,,,,,,,
1587,,123.120000,,,,,,,,,
1589,,123.480000,,,,,,,,,
1591,,123.840000,,,,,,,,,
1593,,124.200000,,,,,,,,,
1595,,124.560000,,,,,,,,,
1597,,124.920000,,,,,,,,,
1599,,125.280000,,,,,,,0,,
1601,,125.640000,,0,,,,,,,
1603,,126.000000,0.000000,,,,,,,,
1899,,,,,,4,,,,,
1999,,,,,,,,,,,1
2099,,,,,,,,,1,,
2101,,,,1,,,,,,,
2103,,,30.000000,,,,,,,,
2105,,126.360000,,,,,,,,,
2107,,126.720000,,,,,,,,,
2109,,127.080000,,,,,,,,,
2111,,127.440000,,,,,,,,,
2113,,127.800000,,,,,,,,,
2115,,128.160000,,,,,,,,,
2117,,128.520000,,,,,,,,,
2119,,128.880000,,,,,,,,,
2121,,129.240000,,,,,,,,,
2123,,129.600000,,,,,,,,,
2125,,129.960000,,,,,,,,,
2127,,130.320000,,,,,,,,,
2129,,130.680000,,,,,,,,,
2131,,131.040000,,,,,,,,,
2133,,131.400000,,,,,,,,,
2135,,131.760000,,,,,,,,,
2137,,132.120000,,,,,,,,,
2139,,132.480000,,,,,,,,,
2141,,132.840000,,,,,,,,,
2143,,133.200000,,,,,,,,,
2145,,133.560000,,,,,,,,,
2147,,133.920000,,,,,,,,,
2149,,134.280000,,,,,,,,,
2151,,134.640000,,,,,,,,,
2153,,135.000000,,,,,,,,,
2155,,135.360000,,,,,,,,,
2157,,135.720000,,,,,,,,,
2159,,136.080000,,,,,,,,,
2161,,136.440000,,,,,,,,,
2163,,136.800000,,,,,,,,,
2165,,137.160000,,,,,,,,,
2167,,137.520000,,,,,,,,,
2169,,137.880000,,,,,,,,,
2171,,138.240000,,,,,,,,,
2173,,138.600000,,,,,,,,,
2175,,138.960000,,,,,,,,,
2177,,139.320000,,,,,,,,,
2179,,139.680000,,,,,,,,,
2181,,140.040000,,,,,,,,,
2183,,140.400000,,,,,,,,,
2185,,140.760000,,,,,,,,,
2187,,141.120000,,,,,,,,,
2189,,141.480000,,,,,,,,,
2191,,141.840000,,,,,,,,,
2193,,142.200000,,,,,,,,,
2195,,142.560000,,,,,,,,,
2197,,142.920000,,,,,,,,,
2199,,143.280000,,,,,,,,,
2201,,143.640000,,,,,,,,,
2203,,144.000000,,,,,,,,,
2205,,144.360000,,,,,,,,,
2207,,144.720000,,,,,,,,,
2209,,145.080000,,,,,,,,,
2211,,145.440000,,,,,,,,,
2213,,145.800000,,,,,,,,,
2215,,146.160000,,,,,,,,,
2217,,146.520000,,,,,,,,,
2219,,146.880000,,,,,,,,,
2221,,147.240000,,,,,,,,,
2223,,147.600000,,,,,,,,,
2225,,147.960000,,,,,,,,,
2227,,148.320000,,,,,,,,,
2229,,148.680000,,,,,,,,,
2231,,149.040000,,,,,,,,,
2233,,149.400000,,,,,,,,,
2235,,149.760000,,,,,,,,,
2237,,150.120000,,,,,,,,,
2239,,150.480000,,,,,,,,,
2241,,150.840000,,,,,,,,,
2243,,151.200000,,,,,,,,,
2245,,151.560000,,,,,,,,,
2247,,151.920000,,,,,,,,,
2249,,152.280000,,,,,,,,,
2251,,152.640000,,,,,,,,,
2253,,153.000000,,,,,,,,,
2255,,153.360000,,,,,,,,,
2257,,153.720000,,,,,,,,,
2259,,154.080000,,,,,,,,,
2261,,154.440000,,,,,,,,,
2263,,154.800000,,,,,,,,,
2265,,155.160000,,,,,,,,,
2267,,155.520000,,,,,,,,,
2269,,155.880000,,,,,,,,,
2271,,156.240000,,,,,,,,,
2273,,156.600000,,,,,,,,,
2275,,156.960000,,,,,,,,,
2277,,157.320000,,,,,,,,,
2279,,157.680000,,,,,,,,,
2281,,158.040000,,,,,,,,,
2283,,158.400000,,,,,,,,,
2285,,158.760000,,,,,,,,,
2287,,159.120000,,,,,,,,,
2289,,159.480000,,,,,,,,,
2291,,159.840000,,,,,,,,,
2293,,160.200000,,,,,,,,,
2295,,160.560000,,,,,,,,,
2297,,160.920000,,,,,,,,,
2299,,161.280000,,,,,,,,,
2301,,161.640000,,,,,,,,,
2303,,162.000000,,,,,,,,,
2305,,162.360000,,,,,,,,,
2307,,162.720000,,,,,,,,,
2309,,163.080000,,,,,,,,,
2311,,163.440000,,,,,,,,,
2313,,163.800000,,,,,,,,,
2315,,164.160000,,,,,,,,,
2317,,164.520000,,,,,,,,,
2319,,164.880000,,,,,,,,,
2321,,165.240000,,,,,,,,,
2323,,165.600000,,,,,,,,,
2325,,165.960000,,,,,,,,,
2327,,166.320000,,,,,,,,,
2329,,166.680000,,,,,,,,,
2331,,167.040000,,,,,,,,,
2333,,167.400000,,,,,,,,,
2335,,167.760000,,,,,,,,,
2337,,168.120000,,,,,,,,,
2339,,168.480000,,,,,,,,,
2341,,168.840000,,,,,,,,,
2343,,169.200000,,,,,,,,,
2345,,169.560000,,,,,,,,,
2347,,169.920000,,,,,,,,,
2349,,170.280000,,,,,,,,,
2351,,170.640000,,,,,,,,,
2353,,171.000000,,,,,,,,,
2355,,171.360000,,,,,,,,,
2357,,171.720000,,,,,,,,,
2359,,172.080000,,,,,,,,,
2361,,172.440000,,,,,,,,,
2363,,172.800000,,,,,,,,,
2365,,173.160000,,,,,,,,,
2367,,173.520000,,,,,,,,,
2369,,173.880000,,,,,,,,,
2371,,174.240000,,,,,,,,,
2373,,174.600000,,,,,,,,,
2375,,174.960000,,,,,,,,,
2377,,175.320000,,,,,,,,,
2379,,175.680000,,,,,,,,,
2381,,176.040000,,,,,,,,,
2383,,176.400000,,,,,,,,,
2385,,176.760000,,,,,,,,,
2387,,177.120000,,,,,,,,,
2389,,177.480000,,,,,,,,,
2391,,177.840000,,,,,,,,,
2393,,178.200000,,,,,,,,,
2395,,178.560000,,,,,,,,,
2397,,178.920000,,,,,,,,,
2399,,179.280000,,,,,,,,,
2401,,179.640000,,,,,,,,,
2403,,180.000000,,,,,,,,,
2405,,180.360000,,,,,,,,,
2407,,180.720000,,,,,,,,,
2409,,181.080000,,,,,,,,,
2411,,181.440000,,,,,,,,,
2413,,181.800000,,,,,,,,,
2415,,182.160000,,,,,,,,,
2417,,182.520000,,,,,,,,,
2419,,182.880000,,,,,,,,,
2421,,183.240000,,,,,,,,,
2423,,183.600000,,,,,,,,,
2425,,183.960000,,,,,,,,,
2427,,184.320000,,,,,,,,,
2429,,184.680000,,,,,,,,,
2431,,185.040000,,,,,,,,,
2433,,185.400000,,,,,,,,,
2435,,185.760000,,,,,,,,,
2437,,186.120000,,,,,,,,,
2439,,186.480000,,,,,,,,,
2441,,186.840000,,,,,,,,,
2443,,187.200000,,,,,,,,,
2445,,187.560000,,,,,,,,,
2447,,187.920000,,,,,,,,,
2449,,188.280000,,,,,,,,,
2451,,188.640000,,,,,,,,,
2453,,189.000000,,,,,,,,,
2455,,189.360000,,,,,,,,,
2457,,189.720000,,,,,,,,,
2459,,190.080000,,,,,,,,,
2461,,190.440000,,,,,,,,,
2463,,190.800000,,,,,,,,,
2465,,191.160000,,,,,,,,,
2467,,191.520000,,,,,,,,,
2469,,191.880000,,,,,,,,,
2471,,192.240000,,,,,,,,,
2473,,192.600000,,,,,,,,,
2475,,192.960000,,,,,,,,,
2477,,193.320000,,,,,,,,,
2479,,193.680000,,,,,,,,,
2481,,194.040000,,,,,,,,,
2483,,194.400000,,,,,,,,,
2485,,194.760000,,,,,,,,,
2487,,195.120000,,,,,,,,,
2489,,195.480000,,,,,,,,,
2491,,195.840000,,,,,,,,,
2493,,196.200000,,,,,,,,,
2495,,196.560000,,,,,,,,,
2497,,196.920000,,,,,,,,,
2499,,197.280000,,,,,,,,,
2501,,197.640000,,,,,,,,,
2503,,198.000000,,,,,,,,,
2505,,198.360000,,,,,,,,,
2507,,198.720000,,,,,,,,,
2509,,199.080000,,,,,,,,,
2511,,199.440000,,,,,,,,,
2513,,199.800000,,,,,,,,,
2515,,200.160000,,,,,,,,,
2517,,200.520000,,,,,,,,,
2519,,200.880000,,,,,,,,,
2521,,201.240000,,,,,,,,,
2523,,201.600000,,,,,,,,,
2525,,201.960000,,,,,,,,,
2527,,202.320000,,,,,,,,,
2529,,202.680000,,,,,,,,,
2531,,203.040000,,,,,,,,,
2533,,203.400000,,,,,,,,,
2535,,203.760000,,,,,,,,,
2537,,204.120000,,,,,,,,,
2539,,204.480000,,,,,,,,,
2541,,204.840000,,,,,,,,,
2543,,205.200000,,,,,,,,,
2545,,205.560000,,,,,,,,,
2547,,205.920000,,,,,,,,,
2549,,206.280000,,,,,,,,,
2551,,206.640000,,,,,,,,,
2553,,207.000000,,,,,,,,,
2555,,207.360000,,,,,,,,,
2557,,207.720000,,,,,,,,,
2559,,208.080000,,,,,,,,,
2561,,208.440000,,,,,,,,,
2563,,208.800000,,,,,,,,,
2565,,209.160000,,,,,,,,,
2567,,209.520000,,,,,,,,,
2569,,209.880000,,,,,,,,,
2571,,210.240000,,,,,,,,,
2573,,210.600000,,,,,,,,,
2575,,210.960000,,,,,,,,,
2577,,211.320000,,,,,,,,,
2579,,211.680000,,,,,,,,,
2581,,212.040000,,,,,,,,,
2583,,212.400000,,,,,,,,,
2585,,212.760000,,,,,,,,,
2587,,213.120000,,,,,,,,,
2589,,213.480000,,,,,,,,,
2591,,213.840000,,,,,,,,,
2593,,214.200000,,,,,,,,,
2595,,214.560000,,,,,,,,,
2597,,214.920000,,,,,,,,,
2599,,215.280000,,,,,,,,,
2601,,215.640000,,,,,,,,,
2603,,216.000000,,,,,,,,,
2605,,216.360000,,,,,,,,,
2607,,216.720000,,,,,,,,,
2609,,217.080000,,,,,,,,,
2611,,217.440000,,,,,,,,,
2613,,217.800000,,,,,,,,,
2615,,218.160000,,,,,,,,,
2617,,218.520000,,,,,,,,,
2619,,218.880000,,,,,,,,,
2621,,219.240000,,,,,,,,,
2623,,219.600000,,,,,,,,,
2625,,219.960000,,,,,,,,,
2627,,220.320000,,,,,,,,,
2629,,220.680000,,,,,,,,,
2631,,221.040000,,,,,,,,,
2633,,221.400000,,,,,,,,,
2635,,221.760000,,,,,,,,,
2637,,222.120000,,,,,,,,,
2639,,222.480000,,,,,,,,,
2641,,222.840000,,,,,,,,,
2643,,223.200000,,,,,,,,,
2645,,223.560000,,,,,,,,,
2647,,223.920000,,,,,,,,,
2649,,224.280000,,,,,,,,,
2651,,224.640000,,,,,,,,,
2653,,225.000000,,,,,,,,,
2655,,225.360000,,,,,,,,,
2657,,225.720000,,,,,,,,,
2659,,226.080000,,,,,,,,,
2661,,226.440000,,,,,,,,,
2663,,226.800000,,,,,,,,,
2665,,227.160000,,,,,,,,,
2667,,227.520000,,,,,,,,,
2669,,227.880000,,,,,,,,,
2671,,228.240000,,,,,,,,,
2673,,228.600000,,,,,,,,,
2675,,228.960000,,,,,,,,,
2677,,229.320000,,,,,,,,,
2679,,229.680000,,,,,,,,,
2681,,230.040000,,,,,,,,,
2683,,230.400000,,,,,,,,,
2685,,230.760000,,,,,,,,,
2687,,231.120000,,,,,,,,,
2689,,231.480000,,,,,,,,,
2691,,231.840000,,,,,,,,,
2693,,232.200000,,,,,,,,,
2695,,232.560000,,,,,,,,,
2697,,232.920000,,,,,,,,,
2699,,233.280000,,,,,,,,,
2701,,233.640000,,,,,,,,,
2703,,234.000000,,,,,,,,,
2705,,234.360000,,,,,,,,,
2707,,234.720000,,,,,,,,,
2709,,235.080000,,,,,,,,,
2711,,235.440000,,,,,,,,,
2713,,235.800000,,,,,,,,,
2715,,236.160000,,,,,,,,,
2717,,236.520000,,,,,,,,,
2719,,236.880000,,,,,,,,,
2721,,237.240000,,,,,,,,,
2723,,237.600000,,,,,,,,,
2725,,237.960000,,,,,,,,,
2727,,238.320000,,,,,,,,,
2729,,238.680000,,,,,,,,,
2731,,239.040000,,,,,,,,,
2733,,239.400000,,,,,,,,,
2735,,239.760000,,,,,,,,,
2737,,240.120000,,,,,,,,,
2739,,240.480000,,,,,,,,,
2741,,240.840000,,,,,,,,,
2743,,241.200000,,,,,,,,,
2745,,241.560000,,,,,,,,,
2747,,241.920000,,,,,,,,,
2749,,242.280000,,,,,,,,,
2751,,242.640000,,,,,,,,,
2753,,243.000000,,,,,,,,,
2755,,243.360000,,,,,,,,,
2757,,243.720000,,,,,,,,,
2759,,244.080000,,,,,,,,,
2761,,244.440000,,,,,,,,,
2763,,244.800000,,,,,,,,,
2765,,245.160000,,,,,,,,,
2767,,245.520000,,,,,,,,,
2769,,245.880000,,,,,,,,,
2771,,246.240000,,,,,,,,,
2773,,246.600000,,,,,,,,,
2775,,246.960000,,,,,,,,,
2777,,247.320000,,,,,,,,,
2779,,247.680000,,,,,,,,,
2781,,248.040000,,,,,,,,,
2783,,248.400000,,,,,,,,,
2785,,248.760000,,,,,,,,,
2787,,249.120000,,,,,,,,,
2789,,249.480000,,,,,,,,,
2791,,249.840000,,,,,,,,,
2793,,250.200000,,,,,,,,,
2795,,250.560000,,,,,,,,,
2797,,250.920000,,,,,,,,,
2799,,251.280000,,,,,,,,,
2801,,251.640000,,,,,,,,,
2803,,252.000000,,,,,,,,,
2805,,252.360000,,,,,,,,,
2807,,252.720000,,,,,,,,,
2809,,253.080000,,,,,,,,,
2811,,253.440000,,,,,,,,,
2813,,253.800000,,,,,,,,,
2815,,254.160000,,,,,,,,,
2817,,254.520000,,,,,,,,,
2819,,254.880000,,,,,,,,,
2821,,255.240000,,,,,,,,,
2823,,255.600000,,,,,,,,,
2825,,255.960000,,,,,,,,,
2827,,256.320000,,,,,,,,,
2829,,256.680000,,,,,,,,,
2831,,257.040000,,,,,,,,,
2833,,257.400000,,,,,,,,,
2835,,257.760000,,,,,,,,,
2837,,258.120000,,,,,,,,,
2839,,258.480000,,,,,,,,,
2841,,258.840000,,,,,,,,,
2843,,259.200000,,,,,,,,,
2845,,259.560000,,,,,,,,,
2847,,259.920000,,,,,,,,,
2849,,260.280000,,,,,,,,,
2851,,260.640000,,,,,,,,,
2853,,261.000000,,,,,,,,,
2855,,261.360000,,,,,,,,,
2857,,261.720000,,,,,,,,,
2859,,262.080000,,,,,,,,,
2861,,262.440000,,,,,,,,,
2863,,262.800000,,,,,,,,,
2865,,263.160000,,,,,,,,,
2867,,263.520000,,,,,,,,,
2869,,263.880000,,,,,,,,,
2871,,264.240000,,,,,,,,,
2873,,264.600000,,,,,,,,,
2875,,264.960000,,,,,,,,,
2877,,265.320000,,,,,,,,,
2879,,265.680000,,,,,,,,,
2881,,266.040000,,,,,,,,,
2883,,266.400000,,,,,,,,,
2885,,266.760000,,,,,,,,,
2887,,267.120000,,,,,,,,,
2889,,267.480000,,,,,,,,,
2891,,267.840000,,,,,,,,,
2893,,268.200000,,,,,,,,,
2895,,268.560000,,,,,,,,,
2897,,268.920000,,,,,,,,,
2899,,269.280000,,,,3,,,,,
2901,,269.640000,,,,,,,,,
2903,,270.000000,,,,,,,,,
2905,,270.360000,,,,,,,,,
2907,,270.720000,,,,,,,,,
2909,,271.080000,,,,,,,,,
2911,,271.440000,,,,,,,,,
2913,,271.800000,,,,,,,,,
2915,,272.160000,,,,,,,,,
2917,,272.520000,,,,,,,,,
2919,,272.880000,,,,,,,,,
2921,,273.240000,,,,,,,,,
2923,,273.600000,,,,,,,,,
2925,,273.960000,,,,,,,,,
2927,,274.320000,,,,,,,,,
2929,,274.680000,,,,,,,,,
2931,,275.040000,,,,,,,,,
2933,,275.400000,,,,,,,,,
2935,,275.760000,,,,,,,,,
2937,,276.120000,,,,,,,,,
2939,,276.480000,,,,,,,,,
2941,,276.840000,,,,,,,,,
2943,,277.200000,,,,,,,,,
2945,,277.560000,,,,,,,,,
2947,,277.920000,,,,,,,,,
2949,,278.280000,,,,,,,,,
2951,,278.640000,,,,,,,,,
2953,,279.000000,,,,,,,,,
2955,,279.360000,,,,,,,,,
2957,,279.720000,,,,,,,,,
2959,,280.080000,,,,,,,,,
2961,,280.440000,,,,,,,,,
2963,,280.800000,,,,,,,,,
2965,,281.160000,,,,,,,,,
2967,,281.520000,,,,,,,,,
2969,,281.880000,,,,,,,,,
2971,,282.240000,,,,,,,,,
2973,,282.600000,,,,,,,,,
2975,,282.960000,,,,,,,,,
2977,,283.320000,,,,,,,,,
2979,,283.680000,,,,,,,,,
2981,,284.040000,,,,,,,,,
2983,,284.400000,,,,,,,,,
2985,,284.760000,,,,,,,,,
2987,,285.120000,,,,,,,,,
2989,,285.480000,,,,,,,,,
2991,,285.840000,,,,,,,,,
2993,,286.200000,,,,,,,,,
2995,,286.560000,,,,,,,,,
2997,,286.920000,,,,,,,,,
2999,,287.280000,,,,,,,,,
3001,,287.640000,,,,,,,,,
3003,,288.000000,,,,,,,,,
3005,,288.360000,,,,,,,,,
3007,,288.720000,,,,,,,,,
3009,,289.080000,,,,,,,,,
3011,,289.440000,,,,,,,,,
3013,,289.800000,,,,,,,,,
3015,,290.160000,,,,,,,,,
3017,,290.520000,,,,,,,,,
3019,,290.880000,,,,,,,,,
3021,,291.240000,,,,,,,,,
3023,,291.600000,,,,,,,,,
3025,,291.960000,,,,,,,,,
3027,,292.320000,,,,,,,,,
3029,,292.680000,,,,,,,,,
3031,,293.040000,,,,,,,,,
3033,,293.400000,,,,,,,,,
3035,,293.760000,,,,,,,,,
3037,,294.120000,,,,,,,,,
3039,,294.480000,,,,,,,,,
3041,,294.840000,,,,,,,,,
3043,,295.200000,,,,,,,,,
3045,,295.560000,,,,,,,,,
3047,,295.920000,,,,,,,,,
3049,,296.280000,,,,,,,,,
3051,,296.640000,,,,,,,,,
3053,,297.000000,,,,,,,,,
3055,,297.360000,,,,,,,,,
3057,,297.720000,,,,,,,,,
3059,,298.080000,,,,,,,,,
3061,,298.440000,,,,,,,,,
3063,,298.800000,,,,,,,,,
3065,,299.160000,,,,,,,,,
3067,,299.520000,,,,,,,,,
3069,,299.880000,,,,,,,,,
3071,,300.240000,,,,,,,,,
3073,,300.600000,,,,,,,,,
3075,,300.960000,,,,,,,,,
3077,,301.320000,,,,,,,,,
3079,,301.680000,,,,,,,,,
3081,,302.040000,,,,,,,,,
3083,,302.400000,,,,,,,,,
3085,,302.760000,,,,,,,,,
3087,,303.120000,,,,,,,,,
3089,,303.480000,,,,,,,,,
3091,,303.840000,,,,,,,,,
3093,,304.200000,,,,,,,,,
3095,,304.560000,,,,,,,,,
3097,,304.920000,,,,,,,,,
3099,,305.280000,,,,,,,,,
3101,,305.640000,,,,,,,,,
3103,,306.000000,,,,,,,,,
3105,,306.360000,,,,,,,,,
3107,,306.720000,,,,,,,,,
3109,,307.080000,,,,,,,,,
3111,,307.440000,,,,,,,,,
3113,,307.800000,,,,,,,,,
3115,,308.160000,,,,,,,,,
3117,,308.520000,,,,,,,,,
3119,,308.880000,,,,,,,,,
3121,,309.240000,,,,,,,,,
3123,,309.600000,,,,,,,,,
3125,,309.960000,,,,,,,,,
3127,,310.320000,,,,,,,,,
3129,,310.680000,,,,,,,,,
3131,,311.040000,,,,,,,,,
3133,,311.400000,,,,,,,,,
3135,,311.760000,,,,,,,,,
3137,,312.120000,,,,,,,,,
3139,,312.480000,,,,,,,,,
3141,,312.840000,,,,,,,,,
3143,,313.200000,,,,,,,,,
3145,,313.560000,,,,,,,,,
3147,,313.920000,,,,,,,,,
3149,,314.280000,,,,,,,,,
3151,,314.640000,,,,,,,,,
3153,,315.000000,,,,,,,,,
3155,,315.360000,,,,,,,,,
3157,,315.720000,,,,,,,,,
3159,,316.080000,,,,,,,,,
3161,,316.440000,,,,,,,,,
3163,,316.800000,,,,,,,,,
3165,,317.160000,,,,,,,,,
3167,,317.520000,,,,,,,,,
3169,,317.880000,,,,,,,,,
3171,,318.240000,,,,,,,,,
3173,,318.600000,,,,,,,,,
3175,,318.960000,,,,,,,,,
3177,,319.320000,,,,,,,,,
3179,,319.680000,,,,,,,,,
3181,,320.040000,,,,,,,,,
3183,,320.400000,,,,,,,,,
3185,,320.760000,,,,,,,,,
3187,,321.120000,,,,,,,,,
3189,,321.480000,,,,,,,,,
3191,,321.840000,,,,,,,,,
3193,,322.200000,,,,,,,,,
3195,,322.560000,,,,,,,,,
3197,,322.920000,,,,,,,,,
3199,,323.280000,,,,,,,,,
3201,,323.640000,,,,,,,,,
3203,,324.000000,,,,,,,,,
3205,,324.360000,,,,,,,,,
3207,,324.720000,,,,,,,,,
3209,,325.080000,,,,,,,,,
3211,,325.440000,,,,,,,,,
3213,,325.800000,,,,,,,,,
3215,,326.160000,,,,,,,,,
3217,,326.520000,,,,,,,,,
3219,,326.880000,,,,,,,,,
3221,,327.240000,,,,,,,,,
3223,,327.600000,,,,,,,,,
3225,,327.960000,,,,,,,,,
3227,,328.320000,,,,,,,,,
3229,,328.680000,,,,,,,,,
3231,,329.040000,,,,,,,,,
3233,,329.400000,,,,,,,,,
3235,,329.760000,,,,,,,,,
3237,,330.120000,,,,,,,,,
3239,,330.480000,,,,,,,,,
3241,,330.840000,,,,,,,,,
3243,,331.200000,,,,,,,,,
3245,,331.560000,,,,,,,,,
3247,,331.920000,,,,,,,,,
3249,,332.280000,,,,,,,,,
3251,,332.640000,,,,,,,,,
3253,,333.000000,,,,,,,,,
3255,,333.360000,,,,,,,,,
3257,,333.720000,,,,,,,,,
3259,,334.080000,,,,,,,,,
3261,,334.440000,,,,,,,,,
3263,,334.800000,,,,,,,,,
3265,,335.160000,,,,,,,,,
3267,,335.520000,,,,,,,,,
3269,,335.880000,,,,,,,,,
3271,,336.240000,,,,,,,,,
3273,,336.600000,,,,,,,,,
3275,,336.960000,,,,,,,,,
3277,,337.320000,,,,,,,,,
3279,,337.680000,,,,,,,,,
3281,,338.040000,,,,,,,,,
3283,,338.400000,,,,,,,,,
3285,,338.760000,,,,,,,,,
3287,,339.120000,,,,,,,,,
3289,,339.480000,,,,,,,,,
3291,,339.840000,,,,,,,,,
3293,,340.200000,,,,,,,,,
3295,,340.560000,,,,,0,,,,
3297,,340.920000,,,,,,,,,
3299,,341.280000,,,,,,0,,,
3301,,341.640000,,,,,,,,,
3303,,342.000000,,,,,,,,,
3305,,342.360000,,,,,,,,,
3307,,342.720000,,,,,,,,,
3309,,343.080000,,,,,,,,,
3311,,343.440000,,,,,,,,,
3313,,343.800000,,,,,,,,,
3315,,344.160000,,,,,,,,,
3317,,344.520000,,,,,,,,,
3319,,344.880000,,,,,,,,,
3321,,345.240000,,,,,,,,,
3323,,345.600000,,,,,,,,,
3325,,345.960000,,,,,,,,,
3327,,346.320000,,,,,,,,,
3329,,346.680000,,,,,,,,,
3331,,347.040000,,,,,,,,,
3333,,347.400000,,,,,,,,,
3335,,347.760000,,,,,,,,,
3337,,348.120000,,,,,,,,,
3339,,348.480000,,,,,,,,,
3341,,348.840000,,,,,,,,,
3343,,349.200000,,,,,,,,,
3345,,349.560000,,,,,,,,,
3347,,349.920000,,,,,,,,,
3349,,350.280000,,,,,,,,,
3351,,350.640000,,,,,,,,,
3353,,351.000000,,,,,,,,,
3355,,351.360000,,,,,,,,,
3357,,351.720000,,,,,,,,,
3359,,352.080000,,,,,,,,,
3361,,352.440000,,,,,,,,,
3363,,352.800000,,,,,,,,,
3365,,353.160000,,,,,,,,,
3367,,353.520000,,,,,,,,,
3369,,353.880000,,,,,,,,,
3371,,354.240000,,,,,,,,,
3373,,354.600000,,,,,,,,,
3375,,354.960000,,,,,,,,,
3377,,355.320000,,,,,,,,,
3379,,355.680000,,,,,,,,,
3381,,356.040000,,,,,,,,,
3383,,356.400000,,,,,,,,,
3385,,356.760000,,,,,,,,,
3387,,357.120000,,,,,,,,,
3389,,357.480000,,,,,,,,,
3391,,357.840000,,,,,,,,,
3393,,358.200000,,,,,,,,,
3395,,358.560000,,,,,,,,,
3397,,358.920000,,,,,,,,,
3399,,359.280000,,,,,,,,,
3401,,359.640000,,,,,,,,,
3403,,0.000000,,,,,,,,,
3405,,0.360000,,,,,,,,,
3407,,0.720000,,,,,,,,,
3409,,1.080000,,,,,,,,,
3411,,1.440000,,,,,,,,,
3413,,1.800000,,,,,,,,,
3415,,2.160000,,,,,,,,,
3417,,2.520000,,,,,,,,,
3419,,2.880000,,,,,,,,,
3421,,3.240000,,,,,,,,,
3423,,3.600000,,,,,,,,,
3425,,3.960000,,,,,,,,,
3427,,4.320000,,,,,,,,,
3429,,4.680000,,,,,,,,,
3431,,5.040000,,,,,,,,,
3433,,5.400000,,,,,,,,,
3435,,5.760000,,,,,,,,,
3437,,6.120000,,,,,,,,,
3439,,6.480000,,,,,,,,,
3441,,6.840000,,,,,,,,,
3443,,7.200000,,,,,,,,,
3445,,7.560000,,,,,,,,,
3447,,7.920000,,,,,,,,,
3449,,8.280000,,,,,,,,,
3451,,8.640000,,,,,,,,,
3453,,9.000000,,,,,,,,,
3455,,9.360000,,,,,,,,,
3457,,9.720000,,,,,,,,,
3459,,10.080000,,,,,,,,,
3461,,10.440000,,,,,,,,,
3463,,10.800000,,,,,,,,,
3465,,11.160000,,,,,,,,,
3467,,11.520000,,,,,,,,,
3469,,11.880000,,,,,,,,,
3471,,12.240000,,,,,,,,,
3473,,12.600000,,,,,,,,,
3475,,12.960000,,,,,,,,,
3477,,13.320000,,,,,,,,,
3479,,13.680000,,,,,,,,,
3481,,14.040000,,,,,,,,,
3483,,14.400000,,,,,,,,,
3485,,14.760000,,,,,,,,,
3487,,15.120000,,,,,,,,,
3489,,15.480000,,,,,,,,,
3491,,15.840000,,,,,,,,,
3493,,16.200000,,,,,,,,,
3495,,16.560000,,,,,,,,,
3497,,16.920000,,,,,,,,,
3499,,17.280000,,,,,,,,,
3501,,17.640000,,,,,,,,,
3503,,18.000000,,,,,,,,,
3505,,18.360000,,,,,,,,,
3507,,18.720000,,,,,,,,,
3509,,19.080000,,,,,,,,,
3511,,19.440000,,,,,,,,,
3513,,19.800000,,,,,,,,,
3515,,20.160000,,,,,,,,,
3517,,20.520000,,,,,1,,,,
3519,,20.880000,,,,,,,,,
3521,,21.240000,,,,,,,,,
3523,,21.600000,,,,,,,,,
3525,,21.960000,,,,,,,,,
3527,,22.320000,,,,,,,,,
3529,,22.680000,,,,,,,,,
3531,,23.040000,,,,,,,,,
3533,,23.400000,,,,,,,,,
3535,,23.760000,,,,,,,,,
3537,,24.120000,,,,,,,,,
3539,,24.480000,,,,,,,,,
3541,,24.840000,,,,,,,,,
3543,,25.200000,,,,,,,,,
3545,,25.560000,,,,,,,,,
3547,,25.920000,,,,,,,,,
3549,,26.280000,,,,,,1,,,
3551,,26.640000,,,,,,,,,
3553,,27.000000,,,,,,,,,
3555,,27.360000,,,,,,,,,
3557,,27.720000,,,,,,,,,
3559,,28.080000,,,,,,,,,
3561,,28.440000,,,,,,,,,
3563,,28.800000,,,,,,,,,
3565,,29.160000,,,,,,,,,
3567,,29.520000,,,,,,,,,
3569,,29.880000,,,,,,,,,
3571,,30.240000,,,,,,,,,
3573,,30.600000,,,,,,,,,
3575,,30.960000,,,,,,,,,
3577,,31.320000,,,,,,,,,
3579,,31.680000,,,,,,,,,
3581,,32.040000,,,,,,,,,
3583,,32.400000,,,,,,,,,
3585,,32.760000,,,,,,,,,
3587,,33.120000,,,,,,,,,
3589,,33.480000,,,,,,,,,
3591,,33.840000,,,,,,,,,
3593,,34.200000,,,,,,,,,
3595,,34.560000,,,,,,,,,
3597,,34.920000,,,,,,,,,
3599,,35.280000,,,,,,,,,
3601,,35.640000,,,,,,,,,
3603,,36.000000,,,,,,,,,
3605,,36.360000,,,,,,,,,
3607,,36.720000,,,,,,,,,
3609,,37.080000,,,,,,,,,
3611,,37.440000,,,,,,,,,
3613,,37.800000,,,,,,,,,
3615,,38.160000,,,,,,,,,
3617,,38.520000,,,,,,,,,
3619,,38.880000,,,,,,,,,
3621,,39.240000,,,,,,,,,
3623,,39.600000,,,,,,,,,
3625,,39.960000,,,,,,,,,
3627,,40.320000,,,,,,,,,
3629,,40.680000,,,,,,,,,
3631,,41.040000,,,,,,,,,
3633,,41.400000,,,,,,,,,
3635,,41.760000,,,,,,,,,
3637,,42.120000,,,,,,,,,
3639,,42.480000,,,,,,,,,
3641,,42.840000,,,,,,,,,
3643,,43.200000,,,,,,,,,
3645,,43.560000,,,,,,,,,
3647,,43.920000,,,,,,,,,
3649,,44.280000,,,,,,,,,
3651,,44.640000,,,,,,,,,
3653,,45.000000,,,,,,,,,
3655,,45.360000,,,,,,,,,
3657,,45.720000,,,,,,,,,
3659,,46.080000,,,,,,,,,
3661,,46.440000,,,,,,,,,
3663,,46.800000,,,,,,,,,
3665,,47.160000,,,,,,,,,
3667,,47.520000,,,,,,,,,
3669,,47.880000,,,,,,,,,
3671,,48.240000,,,,,,,,,
3673,,48.600000,,,,,,,,,
3675,,48.960000,,,,,,,,,
3677,,49.320000,,,,,,,,,
3679,,49.680000,,,,,,,,,
3681,,50.040000,,,,,,,,,
3683,,50.400000,,,,,,,,,
3685,,50.760000,,,,,,,,,
3687,,51.120000,,,,,,,,,
3689,,51.480000,,,,,,,,,
3691,,51.840000,,,,,,,,,
3693,,52.200000,,,,,,,,,
3695,,52.560000,,,,,,,,,
3697,,52.920000,,,,,,,,,
3699,,53.280000,,,,,,,,,
3701,,53.640000,,,,,,,,,
3703,,54.000000,,,,,,,,,
3705,,54.360000,,,,,,,,,
3707,,54.720000,,,,,,,,,
3709,,55.080000,,,,,,,,,
3711,,55.440000,,,,,,,,,
3713,,55.800000,,,,,,,,,
3715,,56.160000,,,,,,,,,
3717,,56.520000,,,,,,,,,
3719,,56.880000,,,,,,,,,
3721,,57.240000,,,,,,,,,
3723,,57.600000,,,,,,,,,
3725,,57.960000,,,,,,,,,
3727,,58.320000,,,,,,,,,
3729,,58.680000,,,,,,,,,
3731,,59.040000,,,,,,,,,
3733,,59.400000,,,,,,,,,
3735,,59.760000,,,,,,,,,
3737,,60.120000,,,,,,,,,
3739,,60.480000,,,,,,,,,
3741,,60.840000,,,,,,,,,
3743,,61.200000,,,,,,,,,
3745,,61.560000,,,,,,,,,
3747,,61.920000,,,,,,,,,
3749,,62.280000,,,,,,,,,
3751,,62.640000,,,,,,,,,
3753,,63.000000,,,,,,,,,
3755,,63.360000,,,,,,,,,
3757,,63.720000,,,,,,,,,
3759,,64.080000,,,,,,,,,
3761,,64.440000,,,,,,,,,
3763,,64.800000,,,,,,,,,
3765,,65.160000,,,,,,,,,
3767,,65.520000,,,,,,,,,
3769,,65.880000,,,,,,,,,
3771,,66.240000,,,,,,,,,
3773,,66.600000,,,,,,,,,
3775,,66.960000,,,,,,,,,
3777,,67.320000,,,,,,,,,
3779,,67.680000,,,,,,,,,
3781,,68.040000,,,,,,,,,
3783,,68.400000,,,,,,,,,
3785,,68.760000,,,,,,,,,
3787,,69.120000,,,,,,,,,
3789,,69.480000,,,,,,,,,
3791,,69.840000,,,,,,,,,
3793,,70.200000,,,,,,,,,
3795,,70.560000,,,,,,,,,
3797,,70.920000,,,,,,,,,
3799,,71.280000,,,,,,,,,
3801,,71.640000,,,,,,,,,
3803,,72.000000,,,,,,,,,
3805,,72.360000,,,,,,,,,
3807,,72.720000,,,,,,,,,
3809,,73.080000,,,,,,,,,
3811,,73.440000,,,,,,,,,
3813,,73.800000,,,,,,,,,
3815,,74.160000,,,,,,,,,
3817,,74.520000,,,,,,,,,
3819,,74.880000,,,,,,,,,
3821,,75.240000,,,,,,,,,
3823,,75.600000,,,,,,,,,
3825,,75.960000,,,,,,,,,
3827,,76.320000,,,,,,,,,
3829,,76.680000,,,,,,,,,
3831,,77.040000,,,,,,,,,
3833,,77.400000,,,,,,,,,
3835,,77.760000,,,,,,,,,
3837,,78.120000,,,,,,,,,
3839,,78.480000,,,,,,,,,
3841,,78.840000,,,,,,,,,
3843,,79.200000,,,,,,,,,
3845,,79.560000,,,,,,,,,
3847,,79.920000,,,,,,,,,
3849,,80.280000,,,,,,,,,
3851,,80.640000,,,,,,,,,
3853,,81.000000,,,,,,,,,
3855,,81.360000,,,,,,,,,
3857,,81.720000,,,,,,,,,
3859,,82.080000,,,,,,,,,
3861,,82.440000,,,,,,,,,
3863,,82.800000,,,,,,,,,
3865,,83.160000,,,,,,,,,
3867,,83.520000,,,,,,,,,
3869,,83.880000,,,,,,,,,
3871,,84.240000,,,,,,,,,
3873,,84.600000,,,,,,,,,
3875,,84.960000,,,,,,,,,
3877,,85.320000,,,,,,,,,
3879,,85.680000,,,,,,,,,
3881,,86.040000,,,,,,,,,
3883,,86.400000,,,,,,,,,
3885,,86.760000,,,,,,,,,
3887,,87.120000,,,,,,,,,
3889,,87.480000,,,,,,,,,
3891,,87.840000,,,,,,,,,
3893,,88.200000,,,,,,,,,
3895,,88.560000,,,,,,,,,
3897,,88.920000,,,,,,,,,
3899,,89.280000,,,,6,,,,,
3901,,89.640000,,,,,,,,,
3903,,90.000000,,,,,,,,,
3905,,90.360000,,,,,,,,,
3907,,90.720000,,,,,,,,,
3909,,91.080000,,,,,,,,,
3911,,91.440000,,,,,,,,,
3913,,91.800000,,,,,,,,,
3915,,92.160000,,,,,,,,,
3917,,92.520000,,,,,,,,,
3919,,92.880000,,,,,,,,,
3921,,93.240000,,,,,,,,,
3923,,93.600000,,,,,,,,,
3925,,93.960000,,,,,,,,,
3927,,94.320000,,,,,,,,,
3929,,94.680000,,,,,,,,,
3931,,95.040000,,,,,,,,,
3933,,95.400000,,,,,,,,,
3935,,95.760000,,,,,,,,,
3937,,96.120000,,,,,,,,,
3939,,96.480000,,,,,,,,,
3941,,96.840000,,,,,,,,,
3943,,97.200000,,,,,,,,,
3945,,97.560000,,,,,,,,,
3947,,97.920000,,,,,,,,,
3949,,98.280000,,,,,,,,,
3951,,98.640000,,,,,,,,,
3953,,99.000000,,,,,,,,,
3955,,99.360000,,,,,,,,,
3957,,99.720000,,,,,,,,,
3959,,100.080000,,,,,,,,,
3961,,100.440000,,,,,,,,,
3963,,100.800000,,,,,,,,,
3965,,101.160000,,,,,,,,,
3967,,101.520000,,,,,,,,,
3969,,101.880000,,,,,,,,,
3971,,102.240000,,,,,,,,,
3973,,102.600000,,,,,,,,,
3975,,102.960000,,,,,,,,,
3977,,103.320000,,,,,,,,,
3979,,103.680000,,,,,,,,,
3981,,104.040000,,,,,,,,,
3983,,104.400000,,,,,,,,,
3985,,104.760000,,,,,,,,,
3987,,105.120000,,,,,,,,,
3989,,105.480000,,,,,,,,,
3991,,105.840000,,,,,,,,,
3993,,106.200000,,,,,,,,,
3995,,106.560000,,,,,,,,,
3997,,106.920000,,,,,,,,,
3999,,107.280000,,,,,,,,,0
4001,,107.640000,,,,,,,,,
4003,,108.000000,,,,,,,,,
4005,,108.360000,,,,,,,,,
4007,,108.720000,,,,,,,,,
4009,,109.080000,,,,,,,,,
4011,,109.440000,,,,,,,,,
4013,,109.800000,,,,,,,,,
4015,,110.160000,,,,,,,,,
4017,,110.520000,,,,,,,,,
4019,,110.880000,,,,,,,,,
4021,,111.240000,,,,,,,,,
4023,,111.600000,,,,,,,,,
4025,,111.960000,,,,,,,,,
4027,,112.320000,,,,,,,,,
4029,,112.680000,,,,,,,,,
4031,,113.040000,,,,,,,,,
4033,,113.400000,,,,,,,,,
4035,,113.760000,,,,,,,,,
4037,,114.120000,,,,,,,,,
4039,,114.480000,,,,,,,,,
4041,,114.840000,,,,,,,,,
4043,,115.200000,,,,,,,,,
4045,,115.560000,,,,,,,,,
4047,,115.920000,,,,,,,,,
4049,,116.280000,,,,,,,,,
4051,,116.640000,,,,,,,,,
4053,,117.000000,,,,,,,,,
4055,,117.360000,,,,,,,,,
4057,,117.720000,,,,,,,,,
4059,,118.080000,,,,,,,,,
4061,,118.440000,,,,,,,,,
4063,,118.800000,,,,,,,,,
4065,,119.160000,,,,,,,,,
4067,,119.520000,,,,,,,,,
4069,,119.880000,,,,,,,,,
4071,,120.240000,,,,,,,,,
4073,,120.600000,,,,,,,,,
4075,,120.960000,,,,,,,,,
4077,,121.320000,,,,,,,,,
4079,,121.680000,,,,,,,,,
4081,,122.040000,,,,,,,,,
4083,,122.400000,,,,,,,,,
4085,,122.760000,,,,,,,,,
4087,,123.120000,,,,,,,,,
4089,,123.480000,,,,,,,,,
4091,,123.840000,,,,,,,,,
4093,,124.200000,,,,,,,,,
4095,,124.560000,,,,,,,,,
4097,,124.920000,,,,,,,,,
4099,,125.280000,,,,,,,0,,
4101,,125.640000,,0,,,,,,,
4103,,126.000000,0.000000,,,,,,,,
4899,,,,,,1,,,,,
5899,,,,,,2,,,,,
6899,,,,,,3,,,,,
6999,,,,,,,,,,,1
7099,,,,,,,,,1,,
7101,,,,1,,,,,,,
7103,,,30.000000,,,,,,,,
7105,,126.360000,,,,,,,,,
7107,,126.720000,,,,,,,,,
7109,,127.080000,,,,,,,,,
7111,,127.440000,,,,,,,,,
7113,,127.800000,,,,,,,,,
7115,,128.160000,,,,,,,,,
7117,,128.520000,,,,,,,,,
7119,,128.880000,,,,,,,,,
7121,,129.240000,,,,,,,,,
7123,,129.600000,,,,,,,,,
7125,,129.960000,,,,,,,,,
7127,,130.320000,,,,,,,,,
7129,,130.680000,,,,,,,,,
7131,,131.040000,,,,,,,,,
7133,,131.400000,,,,,,,,,
7135,,131.760000,,,,,,,,,
7137,,132.120000,,,,,,,,,
7139,,132.480000,,,,,,,,,
7141,,132.840000,,,,,,,,,
7143,,133.200000,,,,,,,,,
7145,,133.560000,,,,,,,,,
7147,,133.920000,,,,,,,,,
7149,,134.280000,,,,,,,,,
7151,,134.640000,,,,,,,,,
7153,,135.000000,,,,,,,,,
7155,,135.360000,,,,,,,,,
7157,,135.720000,,,,,,,,,
7159,,136.080000,,,,,,,,,
7161,,136.440000,,,,,,,,,
7163,,136.800000,,,,,,,,,
7165,,137.160000,,,,,,,,,
7167,,137.520000,,,,,,,,,
7169,,137.880000,,,,,,,,,
7171,,138.240000,,,,,,,,,
7173,,138.600000,,,,,,,,,
7175,,138.960000,,,,,,,,,
7177,,139.320000,,,,,,,,,
7179,,139.680000,,,,,,,,,
7181,,140.040000,,,,,,,,,
7183,,140.400000,,,,,,,,,
7185,,140.760000,,,,,,,,,
7187,,141.120000,,,,,,,,,
7189,,141.480000,,,,,,,,,
7191,,141.840000,,,,,,,,,
7193,,142.200000,,,,,,,,,
7195,,142.560000,,,,,,,,,
7197,,142.920000,,,,,,,,,
7199,,143.280000,,,,,,,,,
7201,,143.640000,,,,,,,,,
7203,,144.000000,,,,,,,,,
7205,,144.360000,,,,,,,,,
7207,,144.720000,,,,,,,,,
7209,,145.080000,,,,,,,,,
7211,,145.440000,,,,,,,,,
7213,,145.800000,,,,,,,,,
7215,,146.160000,,,,,,,,,
7217,,146.520000,,,,,,,,,
7219,,146.880000,,,,,,,,,
7221,,147.240000,,,,,,,,,
7223,,147.600000,,,,,,,,,
7225,,147.960000,,,,,,,,,
7227,,148.320000,,,,,,,,,
7229,,148.680000,,,,,,,,,
7231,,149.040000,,,,,,,,,
7233,,149.400000,,,,,,,,,
7235,,149.760000,,,,,,,,,
7237,,150.120000,,,,,,,,,
7239,,150.480000,,,,,,,,,
7241,,150.840000,,,,,,,,,
7243,,151.200000,,,,,,,,,
7245,,151.560000,,,,,,,,,
7247,,151.920000,,,,,,,,,
7249,,152.280000,,,,,,,,,
7251,,152.640000,,,,,,,,,
7253,,153.000000,,,,,,,,,
7255,,153.360000,,,,,,,,,
7257,,153.720000,,,,,,,,,
7259,,154.080000,,,,,,,,,
7261,,154.440000,,,,,,,,,
7263,,154.800000,,,,,,,,,
7265,,155.160000,,,,,,,,,
7267,,155.520000,,,,,,,,,
7269,,155.880000,,,,,,,,,
7271,,156.240000,,,,,,,,,
7273,,156.600000,,,,,,,,,
7275,,156.960000,,,,,,,,,
7277,,157.320000,,,,,,,,,
7279,,157.680000,,,,,,,,,
7281,,158.040000,,,,,,,,,
7283,,158.400000,,,,,,,,,
7285,,158.760000,,,,,,,,,
7287,,159.120000,,,,,,,,,
7289,,159.480000,,,,,,,,,
7291,,159.840000,,,,,,,,,
7293,,160.200000,,,,,,,,,
7295,,160.560000,,,,,,,,,
7297,,160.920000,,,,,,,,,
7299,,161.280000,,,,,,,,,
7301,,161.640000,,,,,,,,,
7303,,162.000000,,,,,,,,,
7305,,162.360000,,,,,,,,,
7307,,162.720000,,,,,,,,,
7309,,163.080000,,,,,,,,,
7311,,163.440000,,,,,,,,,
7313,,163.800000,,,,,,,,,
7315,,164.160000,,,,,,,,,
7317,,164.520000,,,,,,,,,
7319,,164.880000,,,,,,,,,
7321,,165.240000,,,,,,,,,
7323,,165.600000,,,,,,,,,
7325,,165.960000,,,,,,,,,
7327,,166.320000,,,,,,,,,
7329,,166.680000,,,,,,,,,
7331,,167.040000,,,,,,,,,
7333,,167.400000,,,,,,,,,
7335,,167.760000,,,,,,,,,
7337,,168.120000,,,,,,,,,
7339,,168.480000,,,,,,,,,
7341,,168.840000,,,,,,,,,
7343,,169.200000,,,,,,,,,
7345,,169.560000,,,,,,,,,
7347,,169.920000,,,,,,,,,
7349,,170.280000,,,,,,,,,
7351,,170.640000,,,,,,,,,
7353,,171.000000,,,,,,,,,
7355,,171.360000,,,,,,,,,
7357,,171.720000,,,,,,,,,
7359,,172.080000,,,,,,,,,
7361,,172.440000,,,,,,,,,
7363,,172.800000,,,,,,,,,
7365,,173.160000,,,,,,,,,
7367,,173.520000,,,,,,,,,
7369,,173.880000,,,,,,,,,
7371,,174.240000,,,,,,,,,
7373,,174.600000,,,,,,,,,
7375,,174.960000,,,,,,,,,
7377,,175.320000,,,,,,,,,
7379,,175.680000,,,,,,,,,
7381,,176.040000,,,,,,,,,
7383,,176.400000,,,,,,,,,
7385,,176.760000,,,,,,,,,
7387,,177.120000,,,,,,,,,
7389,,177.480000,,,,,,,,,
7391,,177.840000,,,,,,,,,
7393,,178.200000,,,,,,,,,
7395,,178.560000,,,,,,,,,
7397,,178.920000,,,,,,,,,
7399,,179.280000,,,,,,,,,
7401,,179.640000,,,,,,,,,
7403,,180.000000,,,,,,,,,
7405,,180.360000,,,,,,,,,
7407,,180.720000,,,,,,,,,
7409,,181.080000,,,,,,,,,
7411,,181.440000,,,,,,,,,
7413,,181.800000,,,,,,,,,
7415,,182.160000,,,,,,,,,
7417,,182.520000,,,,,,,,,
7419,,182.880000,,,,,,,,,
7421,,183.240000,,,,,,,,,
7423,,183.600000,,,,,,,,,
7425,,183.960000,,,,,,,,,
7427,,184.320000,,,,,,,,,
7429,,184.680000,,,,,,,,,
7431,,185.040000,,,,,,,,,
7433,,185.400000,,,,,,,,,
7435,,185.760000,,,,,,,,,
7437,,186.120000,,,,,,,,,
7439,,186.480000,,,,,,,,,
7441,,186.840000,,,,,,,,,
7443,,187.200000,,,,,,,,,
7445,,187.560000,,,,,,,,,
7447,,187.920000,,,,,,,,,
7449,,188.280000,,,,,,,,,
7451,,188.640000,,,,,,,,,
7453,,189.000000,,,,,,,,,
7455,,189.360000,,,,,,,,,
7457,,189.720000,,,,,,,,,
7459,,190.080000,,,,,,,,,
7461,,190.440000,,,,,,,,,
7463,,190.800000,,,,,,,,,
7465,,191.160000,,,,,,,,,
7467,,191.520000,,,,,,,,,
7469,,191.880000,,,,,,,,,
7471,,192.240000,,,,,,,,,
7473,,192.600000,,,,,,,,,
7475,,192.960000,,,,,,,,,
7477,,193.320000,,,,,,,,,
7479,,193.680000,,,,,,,,,
7481,,194.040000,,,,,,,,,
7483,,194.400000,,,,,,,,,
7485,,194.760000,,,,,,,,,
7487,,195.120000,,,,,,,,,
7489,,195.480000,,,,,,,,,
7491,,195.840000,,,,,,,,,
7493,,196.200000,,,,,,,,,
7495,,196.560000,,,,,,,,,
7497,,196.920000,,,,,,,,,
7499,,197.280000,,,,,,,,,
7501,,197.640000,,,,,,,,,
7503,,198.000000,,,,,,,,,
7505,,198.360000,,,,,,,,,
7507,,198.720000,,,,,,,,,
7509,,199.080000,,,,,,,,,
7511,,199.440000,,,,,,,,,
7513,,199.800000,,,,,,,,,
7515,,200.160000,,,,,,,,,
7517,,200.520000,,,,,,,,,
7519,,200.880000,,,,,,,,,
7521,,201.240000,,,,,,,,,
7523,,201.600000,,,,,,,,,
7525,,201.960000,,,,,,,,,
7527,,202.320000,,,,,,,,,
7529,,202.680000,,,,,,,,,
7531,,203.040000,,,,,,,,,
7533,,203.400000,,,,,,,,,
7535,,203.760000,,,,,,,,,
7537,,204.120000,,,,,,,,,
7539,,204.480000,,,,,,,,,
7541,,204.840000,,,,,,,,,
7543,,205.200000,,,,,,,,,
7545,,205.560000,,,,,,,,,
7547,,205.920000,,,,,,,,,
7549,,206.280000,,,,,,,,,
7551,,206.640000,,,,,,,,,
7553,,207.000000,,,,,,,,,
7555,,207.360000,,,,,,,,,
7557,,207.720000,,,,,,,,,
7559,,208.080000,,,,,,,,,
7561,,208.440000,,,,,,,,,
7563,,208.800000,,,,,,,,,
7565,,209.160000,,,,,,,,,
7567,,209.520000,,,,,,,,,
7569,,209.880000,,,,,,,,,
7571,,210.240000,,,,,,,,,
7573,,210.600000,,,,,,,,,
7575,,210.960000,,,,,,,,,
7577,,211.320000,,,,,,,,,
7579,,211.680000,,,,,,,,,
7581,,212.040000,,,,,,,,,
7583,,212.400000,,,,,,,,,
7585,,212.760000,,,,,,,,,
7587,,213.120000,,,,,,,,,
7589,,213.480000,,,,,,,,,
7591,,213.840000,,,,,,,,,
7593,,214.200000,,,,,,,,,
7595,,214.560000,,,,,,,,,
7597,,214.920000,,,,,,,,,
7599,,215.280000,,,,,,,,,
7601,,215.640000,,,,,,,,,
7603,,216.000000,,,,,,,,,
7605,,216.360000,,,,,,,,,
7607,,216.720000,,,,,,,,,
7609,,217.080000,,,,,,,,,
7611,,217.440000,,,,,,,,,
7613,,217.800000,,,,,,,,,
7615,,218.160000,,,,,,,,,
7617,,218.520000,,,,,,,,,
7619,,218.880000,,,,,,,,,
7621,,219.240000,,,,,,,,,
7623,,219.600000,,,,,,,,,
7625,,219.960000,,,,,,,,,
7627,,220.320000,,,,,,,,,
7629,,220.680000,,,,,,,,,
7631,,221.040000,,,,,,,,,
7633,,221.400000,,,,,,,,,
7635,,221.760000,,,,,,,,,
7637,,222.120000,,,,,,,,,
7639,,222.480000,,,,,,,,,
7641,,222.840000,,,,,,,,,
7643,,223.200000,,,,,,,,,
7645,,223.560000,,,,,,,,,
7647,,223.920000,,,,,,,,,
7649,,224.280000,,,,,,,,,
7651,,224.640000,,,,,,,,,
7653,,225.000000,,,,,,,,,
7655,,225.360000,,,,,,,,,
7657,,225.720000,,,,,,,,,
7659,,226.080000,,,,,,,,,
7661,,226.440000,,,,,,,,,
7663,,226.800000,,,,,,,,,
7665,,227.160000,,,,,,,,,
7667,,227.520000,,,,,,,,,
7669,,227.880000,,,,,,,,,
7671,,228.240000,,,,,,,,,
7673,,228.600000,,,,,,,,,
7675,,228.960000,,,,,,,,,
7677,,229.320000,,,,,,,,,
7679,,229.680000,,,,,,,,,
7681,,230.040000,,,,,,,,,
7683,,230.400000,,,,,,,,,
7685,,230.760000,,,,,,,,,
7687,,231.120000,,,,,,,,,
7689,,231.480000,,,,,,,,,
7691,,231.840000,,,,,,,,,
7693,,232.200000,,,,,,,,,
7695,,232.560000,,,,,,,,,
7697,,232.920000,,,,,,,,,
7699,,233.280000,,,,,,,,,
7701,,233.640000,,,,,,,,,
7703,,234.000000,,,,,,,,,
7705,,234.360000,,,,,,,,,
7707,,234.720000,,,,,,,,,
7709,,235.080000,,,,,,,,,
7711,,235.440000,,,,,,,,,
7713,,235.800000,,,,,,,,,
7715,,236.160000,,,,,,,,,
7717,,236.520000,,,,,,,,,
7719,,236.880000,,,,,,,,,
7721,,237.240000,,,,,,,,,
7723,,237.600000,,,,,,,,,
7725,,237.960000,,,,,,,,,
7727,,238.320000,,,,,,,,,
7729,,238.680000,,,,,,,,,
7731,,239.040000,,,,,,,,,
7733,,239.400000,,,,,,,,,
7735,,239.760000,,,,,,,,,
7737,,240.120000,,,,,,,,,
7739,,240.480000,,,,,,,,,
7741,,240.840000,,,,,,,,,
7743,,241.200000,,,,,,,,,
7745,,241.560000,,,,,,,,,
7747,,241.920000,,,,,,,,,
7749,,242.280000,,,,,,,,,
7751,,242.640000,,,,,,,,,
7753,,243.000000,,,,,,,,,
7755,,243.360000,,,,,,,,,
7757,,243.720000,,,,,,,,,
7759,,244.080000,,,,,,,,,
7761,,244.440000,,,,,,,,,
7763,,244.800000,,,,,,,,,
7765,,245.160000,,,,,,,,,
7767,,245.520000,,,,,,,,,
7769,,245.880000,,,,,,,,,
7771,,246.240000,,,,,,,,,
7773,,246.600000,,,,,,,,,
7775,,246.960000,,,,,,,,,
7777,,247.320000,,,,,,,,,
7779,,247.680000,,,,,,,,,
7781,,248.040000,,,,,,,,,
7783,,248.400000,,,,,,,,,
7785,,248.760000,,,,,,,,,
7787,,249.120000,,,,,,,,,
7789,,249.480000,,,,,,,,,
7791,,249.840000,,,,,,,,,
7793,,250.200000,,,,,,,,,
7795,,250.560000,,,,,,,,,
7797,,250.920000,,,,,,,,,
7799,,251.280000,,,,,,,,,
7801,,251.640000,,,,,,,,,
7803,,252.000000,,,,,,,,,
7805,,252.360000,,,,,,,,,
7807,,252.720000,,,,,,,,,
7809,,253.080000,,,,,,,,,
7811,,253.440000,,,,,,,,,
7813,,253.800000,,,,,,,,,
7815,,254.160000,,,,,,,,,
7817,,254.520000,,,,,,,,,
7819,,254.880000,,,,,,,,,
7821,,255.240000,,,,,,,,,
7823,,255.600000,,,,,,,,,
7825,,255.960000,,,,,,,,,
7827,,256.320000,,,,,,,,,
7829,,256.680000,,,,,,,,,
7831,,257.040000,,,,,,,,,
7833,,257.400000,,,,,,,,,
7835,,257.760000,,,,,,,,,
7837,,258.120000,,,,,,,,,
7839,,258.480000,,,,,,,,,
7841,,258.840000,,,,,,,,,
7843,,259.200000,,,,,,,,,
7845,,259.560000,,,,,,,,,
7847,,259.920000,,,,,,,,,
7849,,260.280000,,,,,,,,,
7851,,260.640000,,,,,,,,,
7853,,261.000000,,,,,,,,,
7855,,261.360000,,,,,,,,,
7857,,261.720000,,,,,,,,,
7859,,262.080000,,,,,,,,,
7861,,262.440000,,,,,,,,,
7863,,262.800000,,,,,,,,,
7865,,263.160000,,,,,,,,,
7867,,263.520000,,,,,,,,,
7869,,263.880000,,,,,,,,,
7871,,264.240000,,,,,,,,,
7873,,264.600000,,,,,,,,,
7875,,264.960000,,,,,,,,,
7877,,265.320000,,,,,,,,,
7879,,265.680000,,,,,,,,,
7881,,266.040000,,,,,,,,,
7883,,266.400000,,,,,,,,,
7885,,266.760000,,,,,,,,,
7887,,267.120000,,,,,,,,,
7889,,267.480000,,,,,,,,,
7891,,267.840000,,,,,,,,,
7893,,268.200000,,,,,,,,,
7895,,268.560000,,,,,,,,,
7897,,268.920000,,,,,,,,,
7899,,269.280000,,,,4,,,,,
7901,,269.640000,,,,,,,,,
7903,,270.000000,,,,,,,,,
7905,,270.360000,,,,,,,,,
7907,,270.720000,,,,,,,,,
7909,,271.080000,,,,,,,,,
7911,,271.440000,,,,,,,,,
7913,,271.800000,,,,,,,,,
7915,,272.160000,,,,,,,,,
7917,,272.520000,,,,,,,,,
7919,,272.880000,,,,,,,,,
7921,,273.240000,,,,,,,,,
7923,,273.600000,,,,,,,,,
7925,,273.960000,,,,,,,,,
7927,,274.320000,,,,,,,,,
7929,,274.680000,,,,,,,,,
7931,,275.040000,,,,,,,,,
7933,,275.400000,,,,,,,,,
7935,,275.760000,,,,,,,,,
7937,,276.120000,,,,,,,,,
7939,,276.480000,,,,,,,,,
7941,,276.840000,,,,,,,,,
7943,,277.200000,,,,,,,,,
7945,,277.560000,,,,,,,,,
7947,,277.920000,,,,,,,,,
7949,,278.280000,,,,,,,,,
7951,,278.640000,,,,,,,,,
7953,,279.000000,,,,,,,,,
7955,,279.360000,,,,,,,,,
7957,,279.720000,,,,,,,,,
7959,,280.080000,,,,,,,,,
7961,,280.440000,,,,,,,,,
7963,,280.800000,,,,,,,,,
7965,,281.160000,,,,,,,,,
7967,,281.520000,,,,,,,,,
7969,,281.880000,,,,,,,,,
7971,,282.240000,,,,,,,,,
7973,,282.600000,,,,,,,,,
7975,,282.960000,,,,,,,,,
7977,,283.320000,,,,,,,,,
7979,,283.680000,,,,,,,,,
7981,,284.040000,,,,,,,,,
7983,,284.400000,,,,,,,,,
7985,,284.760000,,,,,,,,,
7987,,285.120000,,,,,,,,,
7989,,285.480000,,,,,,,,,
7991,,285.840000,,,,,,,,,
7993,,286.200000,,,,,,,,,
7995,,286.560000,,,,,,,,,
7997,,286.920000,,,,,,,,,
7999,,287.280000,,,,,,,,,
8001,,287.640000,,,,,,,,,
8003,,288.000000,,,,,,,,,
8005,,288.360000,,,,,,,,,
8007,,288.720000,,,,,,,,,
8009,,289.080000,,,,,,,,,
8011,,289.440000,,,,,,,,,
8013,,289.800000,,,,,,,,,
8015,,290.160000,,,,,,,,,
8017,,290.520000,,,,,,,,,
8019,,290.880000,,,,,,,,,
8021,,291.240000,,,,,,,,,
8023,,291.600000,,,,,,,,,
8025,,291.960000,,,,,,,,,
8027,,292.320000,,,,,,,,,
8029,,292.680000,,,,,,,,,
8031,,293.040000,,,,,,,,,
8033,,293.400000,,,,,,,,,
8035,,293.760000,,,,,,,,,
8037,,294.120000,,,,,,,,,
8039,,294.480000,,,,,,,,,
8041,,294.840000,,,,,,,,,
8043,,295.200000,,,,,,,,,
8045,,295.560000,,,,,,,,,
8047,,295.920000,,,,,,,,,
8049,,296.280000,,,,,,,,,
8051,,296.640000,,,,,,,,,
8053,,297.000000,,,,,,,,,
8055,,297.360000,,,,,,,,,
8057,,297.720000,,,,,,,,,
8059,,298.080000,,,,,,,,,
8061,,298.440000,,,,,,,,,
8063,,298.800000,,,,,,,,,
8065,,299.160000,,,,,,,,,
8067,,299.520000,,,,,,,,,
8069,,299.880000,,,,,,,,,
8071,,300.240000,,,,,,,,,
8073,,300.600000,,,,,,,,,
8075,,300.960000,,,,,,,,,
8077,,301.320000,,,,,,,,,
8079,,301.680000,,,,,,,,,
8081,,302.040000,,,,,,,,,
8083,,302.400000,,,,,,,,,
8085,,302.760000,,,,,,,,,
8087,,303.120000,,,,,,,,,
8089,,303.480000,,,,,,,,,
8091,,303.840000,,,,,,,,,
8093,,304.200000,,,,,,,,,
8095,,304.560000,,,,,,,,,
8097,,304.920000,,,,,,,,,
8099,,305.280000,,,,,,,,,
8101,,305.640000,,,,,,,,,
8103,,306.000000,,,,,,,,,
8105,,306.360000,,,,,,,,,
8107,,306.720000,,,,,,,,,
8109,,307.080000,,,,,,,,,
8111,,307.440000,,,,,,,,,
8113,,307.800000,,,,,,,,,
8115,,308.160000,,,,,,,,,
8117,,308.520000,,,,,,,,,
8119,,308.880000,,,,,,,,,
8121,,309.240000,,,,,,,,,
8123,,309.600000,,,,,,,,,
8125,,309.960000,,,,,,,,,
8127,,310.320000,,,,,,,,,
8129,,310.680000,,,,,,,,,
8131,,311.040000,,,,,,,,,
8133,,311.400000,,,,,,,,,
8135,,311.760000,,,,,,,,,
8137,,312.120000,,,,,,,,,
8139,,312.480000,,,,,,,,,
8141,,312.840000,,,,,,,,,
8143,,313.200000,,,,,,,,,
8145,,313.560000,,,,,,,,,
8147,,313.920000,,,,,,,,,
8149,,314.280000,,,,,,,,,
8151,,314.640000,,,,,,,,,
8153,,315.000000,,,,,,,,,
8155,,315.360000,,,,,,,,,
8157,,315.720000,,,,,,,,,
8159,,316.080000,,,,,,,,,
8161,,316.440000,,,,,,,,,
8163,,316.800000,,,,,,,,,
8165,,317.160000,,,,,,,,,
8167,,317.520000,,,,,,,,,
8169,,317.880000,,,,,,,,,
8171,,318.240000,,,,,,,,,
8173,,318.600000,,,,,,,,,
8175,,318.960000,,,,,,,,,
8177,,319.320000,,,,,,,,,
8179,,319.680000,,,,,,,,,
8181,,320.040000,,,,,,,,,
8183,,320.400000,,,,,,,,,
8185,,320.760000,,,,,,,,,
8187,,321.120000,,,,,,,,,
8189,,321.480000,,,,,,,,,
8191,,321.840000,,,,,,,,,
8193,,322.200000,,,,,,,,,
8195,,322.560000,,,,,,,,,
8197,,322.920000,,,,,,,,,
8199,,323.280000,,,,,,,,,
8201,,323.640000,,,,,,,,,
8203,,324.000000,,,,,,,,,
8205,,324.360000,,,,,,,,,
8207,,324.720000,,,,,,,,,
8209,,325.080000,,,,,,,,,
8211,,325.440000,,,,,,,,,
8213,,325.800000,,,,,,,,,
8215,,326.160000,,,,,,,,,
8217,,326.520000,,,,,,,,,
8219,,326.880000,,,,,,,,,
8221,,327.240000,,,,,,,,,
8223,,327.600000,,,,,,,,,
8225,,327.960000,,,,,,,,,
8227,,328.320000,,,,,,,,,
8229,,328.680000,,,,,,,,,
8231,,329.040000,,,,,,,,,
8233,,329.400000,,,,,,,,,
8235,,329.760000,,,,,,,,,
8237,,330.120000,,,,,,,,,
8239,,330.480000,,,,,,,,,
8241,,330.840000,,,,,,,,,
8243,,331.200000,,,,,,,,,
8245,,331.560000,,,,,,,,,
8247,,331.920000,,,,,,,,,
8249,,332.280000,,,,,,,,,
8251,,332.640000,,,,,,,,,
8253,,333.000000,,,,,,,,,
8255,,333.360000,,,,,,,,,
8257,,333.720000,,,,,,,,,
8259,,334.080000,,,,,,,,,
8261,,334.440000,,,,,,,,,
8263,,334.800000,,,,,,,,,
8265,,335.160000,,,,,,,,,
8267,,335.520000,,,,,,,,,
8269,,335.880000,,,,,,,,,
8271,,336.240000,,,,,,,,,
8273,,336.600000,,,,,,,,,
8275,,336.960000,,,,,,,,,
8277,,337.320000,,,,,,,,,
8279,,337.680000,,,,,,,,,
8281,,338.040000,,,,,,,,,
8283,,338.400000,,,,,,,,,
8285,,338.760000,,,,,,,,,
8287,,339.120000,,,,,,,,,
8289,,339.480000,,,,,,,,,
8291,,339.840000,,,,,,,,,
8293,,340.200000,,,,,,,,,
8295,,340.560000,,,,,0,,,,
8297,,340.920000,,,,,,,,,
8299,,341.280000,,,,,,0,,,
8301,,341.640000,,,,,,,,,
8303,,342.000000,,,,,,,,,
8305,,342.360000,,,,,,,,,
8307,,342.720000,,,,,,,,,
8309,,343.080000,,,,,,,,,
8311,,343.440000,,,,,,,,,
8313,,343.800000,,,,,,,,,
8315,,344.160000,,,,,,,,,
8317,,344.520000,,,,,,,,,
8319,,344.880000,,,,,,,,,
8321,,345.240000,,,,,,,,,
8323,,345.600000,,,,,,,,,
8325,,345.960000,,,,,,,,,
8327,,346.320000,,,,,,,,,
8329,,346.680000,,,,,,,,,
8331,,347.040000,,,,,,,,,
8333,,347.400000,,,,,,,,,
8335,,347.760000,,,,,,,,,
8337,,348.120000,,,,,,,,,
8339,,348.480000,,,,,,,,,
8341,,348.840000,,,,,,,,,
8343,,349.200000,,,,,,,,,
8345,,349.560000,,,,,,,,,
8347,,349.920000,,,,,,,,,
8349,,350.280000,,,,,,,,,
8351,,350.640000,,,,,,,,,
8353,,351.000000,,,,,,,,,
8355,,351.360000,,,,,,,,,
8357,,351.720000,,,,,,,,,
8359,,352.080000,,,,,,,,,
8361,,352.440000,,,,,,,,,
8363,,352.800000,,,,,,,,,
8365,,353.160000,,,,,,,,,
8367,,353.520000,,,,,,,,,
8369,,353.880000,,,,,,,,,
8371,,354.240000,,,,,,,,,
8373,,354.600000,,,,,,,,,
8375,,354.960000,,,,,,,,,
8377,,355.320000,,,,,,,,,
8379,,355.680000,,,,,,,,,
8381,,356.040000,,,,,,,,,
8383,,356.400000,,,,,,,,,
8385,,356.760000,,,,,,,,,
8387,,357.120000,,,,,,,,,
8389,,357.480000,,,,,,,,,
8391,,357.840000,,,,,,,,,
8393,,358.200000,,,,,,,,,
8395,,358.560000,,,,,,,,,
8397,,358.920000,,,,,,,,,
8399,,359.280000,,,,,,,,,
8401,,359.640000,,,,,,,,,
8403,,0.000000,,,,,,,,,
8405,,0.360000,,,,,,,,,
8407,,0.720000,,,,,,,,,
8409,,1.080000,,,,,,,,,
8411,,1.440000,,,,,,,,,
8413,,1.800000,,,,,,,,,
8415,,2.160000,,,,,,,,,
8417,,2.520000,,,,,,,,,
8419,,2.880000,,,,,,,,,
8421,,3.240000,,,,,,,,,
8423,,3.600000,,,,,,,,,
8425,,3.960000,,,,,,,,,
8427,,4.320000,,,,,,,,,
8429,,4.680000,,,,,,,,,
8431,,5.040000,,,,,,,,,
8433,,5.400000,,,,,,,,,
8435,,5.760000,,,,,,,,,
8437,,6.120000,,,,,,,,,
8439,,6.480000,,,,,,,,,
8441,,6.840000,,,,,,,,,
8443,,7.200000,,,,,,,,,
8445,,7.560000,,,,,,,,,
8447,,7.920000,,,,,,,,,
8449,,8.280000,,,,,,,,,
8451,,8.640000,,,,,,,,,
8453,,9.000000,,,,,,,,,
8455,,9.360000,,,,,,,,,
8457,,9.720000,,,,,,,,,
8459,,10.080000,,,,,,,,,
8461,,10.440000,,,,,,,,,
8463,,10.800000,,,,,,,,,
8465,,11.160000,,,,,,,,,
8467,,11.520000,,,,,,,,,
8469,,11.880000,,,,,,,,,
8471,,12.240000,,,,,,,,,
8473,,12.600000,,,,,,,,,
8475,,12.960000,,,,,,,,,
8477,,13.320000,,,,,,,,,
8479,,13.680000,,,,,,,,,
8481,,14.040000,,,,,,,,,
8483,,14.400000,,,,,,,,,
8485,,14.760000,,,,,,,,,
8487,,15.120000,,,,,,,,,
8489,,15.480000,,,,,,,,,
8491,,15.840000,,,,,,,,,
8493,,16.200000,,,,,,,,,
8495,,16.560000,,,,,,,,,
8497,,16.920000,,,,,,,,,
8499,,17.280000,,,,,,,,,
8501,,17.640000,,,,,,,,,
8503,,18.000000,,,,,,,,,
8505,,18.360000,,,,,,,,,
8507,,18.720000,,,,,,,,,
8509,,19.080000,,,,,,,,,
8511,,19.440000,,,,,,,,,
8513,,19.800000,,,,,,,,,
8515,,20.160000,,,,,,,,,
8517,,20.520000,,,,,1,,,,
8519,,20.880000,,,,,,,,,
8521,,21.240000,,,,,,,,,
8523,,21.600000,,,,,,,,,
8525,,21.960000,,,,,,,,,
8527,,22.320000,,,,,,,,,
8529,,22.680000,,,,,,,,,
8531,,23.040000,,,,,,,,,
8533,,23.400000,,,,,,,,,
8535,,23.760000,,,,,,,,,
8537,,24.120000,,,,,,,,,
8539,,24.480000,,,,,,,,,
8541,,24.840000,,,,,,,,,
8543,,25.200000,,,,,,,,,
8545,,25.560000,,,,,,,,,
8547,,25.920000,,,,,,,,,
8549,,26.280000,,,,,,1,,,
8551,,26.640000,,,,,,,,,
8553,,27.000000,,,,,,,,,
8555,,27.360000,,,,,,,,,
8557,,27.720000,,,,,,,,,
8559,,28.080000,,,,,,,,,
8561,,28.440000,,,,,,,,,
8563,,28.800000,,,,,,,,,
8565,,29.160000,,,,,,,,,
8567,,29.520000,,,,,,,,,
8569,,29.880000,,,,,,,,,
8571,,30.240000,,,,,,,,,
8573,,30.600000,,,,,,,,,
8575,,30.960000,,,,,,,,,
8577,,31.320000,,,,,,,,,
8579,,31.680000,,,,,,,,,
8581,,32.040000,,,,,,,,,
8583,,32.400000,,,,,,,,,
8585,,32.760000,,,,,,,,,
8587,,33.120000,,,,,,,,,
8589,,33.480000,,,,,,,,,
8591,,33.840000,,,,,,,,,
8593,,34.200000,,,,,,,,,
8595,,34.560000,,,,,,,,,
8597,,34.920000,,,,,,,,,
8599,,35.280000,,,,,,,,,
8601,,35.640000,,,,,,,,,
8603,,36.000000,,,,,,,,,
8605,,36.360000,,,,,,,,,
8607,,36.720000,,,,,,,,,
8609,,37.080000,,,,,,,,,
8611,,37.440000,,,,,,,,,
8613,,37.800000,,,,,,,,,
8615,,38.160000,,,,,,,,,
8617,,38.520000,,,,,,,,,
8619,,38.880000,,,,,,,,,
8621,,39.240000,,,,,,,,,
8623,,39.600000,,,,,,,,,
8625,,39.960000,,,,,,,,,
8627,,40.320000,,,,,,,,,
8629,,40.680000,,,,,,,,,
8631,,41.040000,,,,,,,,,
8633,,41.400000,,,,,,,,,
8635,,41.760000,,,,,,,,,
8637,,42.120000,,,,,,,,,
8639,,42.480000,,,,,,,,,
8641,,42.840000,,,,,,,,,
8643,,43.200000,,,,,,,,,
8645,,43.560000,,,,,,,,,
8647,,43.920000,,,,,,,,,
8649,,44.280000,,,,,,,,,
8651,,44.640000,,,,,,,,,
8653,,45.000000,,,,,,,,,
8655,,45.360000,,,,,,,,,
8657,,45.720000,,,,,,,,,
8659,,46.080000,,,,,,,,,
8661,,46.440000,,,,,,,,,
8663,,46.800000,,,,,,,,,
8665,,47.160000,,,,,,,,,
8667,,47.520000,,,,,,,,,
8669,,47.880000,,,,,,,,,
8671,,48.240000,,,,,,,,,
8673,,48.600000,,,,,,,,,
8675,,48.960000,,,,,,,,,
8677,,49.320000,,,,,,,,,
8679,,49.680000,,,,,,,,,
8681,,50.040000,,,,,,,,,
8683,,50.400000,,,,,,,,,
8685,,50.760000,,,,,,,,,
8687,,51.120000,,,,,,,,,
8689,,51.480000,,,,,,,,,
8691,,51.840000,,,,,,,,,
8693,,52.200000,,,,,,,,,
8695,,52.560000,,,,,,,,,
8697,,52.920000,,,,,,,,,
8699,,53.280000,,,,,,,,,
8701,,53.640000,,,,,,,,,
8703,,54.000000,,,,,,,,,
8705,,54.360000,,,,,,,,,
8707,,54.720000,,,,,,,,,
8709,,55.080000,,,,,,,,,
8711,,55.440000,,,,,,,,,
8713,,55.800000,,,,,,,,,
8715,,56.160000,,,,,,,,,
8717,,56.520000,,,,,,,,,
8719,,56.880000,,,,,,,,,
8721,,57.240000,,,,,,,,,
8723,,57.600000,,,,,,,,,
8725,,57.960000,,,,,,,,,
8727,,58.320000,,,,,,,,,
8729,,58.680000,,,,,,,,,
8731,,59.040000,,,,,,,,,
8733,,59.400000,,,,,,,,,
8735,,59.760000,,,,,,,,,
8737,,60.120000,,,,,,,,,
8739,,60.480000,,,,,,,,,
8741,,60.840000,,,,,,,,,
8743,,61.200000,,,,,,,,,
8745,,61.560000,,,,,,,,,
8747,,61.920000,,,,,,,,,
8749,,62.280000,,,,,,,,,
8751,,62.640000,,,,,,,,,
8753,,63.000000,,,,,,,,,
8755,,63.360000,,,,,,,,,
8757,,63.720000,,,,,,,,,
8759,,64.080000,,,,,,,,,
8761,,64.440000,,,,,,,,,
8763,,64.800000,,,,,,,,,
8765,,65.160000,,,,,,,,,
8767,,65.520000,,,,,,,,,
8769,,65.880000,,,,,,,,,
8771,,66.240000,,,,,,,,,
8773,,66.600000,,,,,,,,,
8775,,66.960000,,,,,,,,,
8777,,67.320000,,,,,,,,,
8779,,67.680000,,,,,,,,,
8781,,68.040000,,,,,,,,,
8783,,68.400000,,,,,,,,,
8785,,68.760000,,,,,,,,,
8787,,69.120000,,,,,,,,,
8789,,69.480000,,,,,,,,,
8791,,69.840000,,,,,,,,,
8793,,70.200000,,,,,,,,,
8795,,70.560000,,,,,,,,,
8797,,70.920000,,,,,,,,,
8799,,71.280000,,,,,,,,,
8801,,71.640000,,,,,,,,,
8803,,72.000000,,,,,,,,,
8805,,72.360000,,,,,,,,,
8807,,72.720000,,,,,,,,,
8809,,73.080000,,,,,,,,,
8811,,73.440000,,,,,,,,,
8813,,73.800000,,,,,,,,,
8815,,74.160000,,,,,,,,,
8817,,74.520000,,,,,,,,,
8819,,74.880000,,,,,,,,,
8821,,75.240000,,,,,,,,,
8823,,75.600000,,,,,,,,,
8825,,75.960000,,,,,,,,,
8827,,76.320000,,,,,,,,,
8829,,76.680000,,,,,,,,,
8831,,77.040000,,,,,,,,,
8833,,77.400000,,,,,,,,,
8835,,77.760000,,,,,,,,,
8837,,78.120000,,,,,,,,,
8839,,78.480000,,,,,,,,,
8841,,78.840000,,,,,,,,,
8843,,79.200000,,,,,,,,,
8845,,79.560000,,,,,,,,,
8847,,79.920000,,,,,,,,,
8849,,80.280000,,,,,,,,,
8851,,80.640000,,,,,,,,,
8853,,81.000000,,,,,,,,,
8855,,81.360000,,,,,,,,,
8857,,81.720000,,,,,,,,,
8859,,82.080000,,,,,,,,,
8861,,82.440000,,,,,,,,,
8863,,82.800000,,,,,,,,,
8865,,83.160000,,,,,,,,,
8867,,83.520000,,,,,,,,,
8869,,83.880000,,,,,,,,,
8871,,84.240000,,,,,,,,,
8873,,84.600000,,,,,,,,,
8875,,84.960000,,,,,,,,,
8877,,85.320000,,,,,,,,,
8879,,85.680000,,,,,,,,,
8881,,86.040000,,,,,,,,,
8883,,86.400000,,,,,,,,,
8885,,86.760000,,,,,,,,,
8887,,87.120000,,,,,,,,,
8889,,87.480000,,,,,,,,,
8891,,87.840000,,,,,,,,,
8893,,88.200000,,,,,,,,,
8895,,88.560000,,,,,,,,,
8897,,88.920000,,,,,,,,,
8899,,89.280000,,,,5,,,,,
8901,,89.640000,,,,,,,,,
8903,,90.000000,,,,,,,,,
8905,,90.360000,,,,,,,,,
8907,,90.720000,,,,,,,,,
8909,,91.080000,,,,,,,,,
8911,,91.440000,,,,,,,,,
8913,,91.800000,,,,,,,,,
8915,,92.160000,,,,,,,,,
8917,,92.520000,,,,,,,,,
8919,,92.880000,,,,,,,,,
8921,,93.240000,,,,,,,,,
8923,,93.600000,,,,,,,,,
8925,,93.960000,,,,,,,,,
8927,,94.320000,,,,,,,,,
8929,,94.680000,,,,,,,,,
8931,,95.040000,,,,,,,,,
8933,,95.400000,,,,,,,,,
8935,,95.760000,,,,,,,,,
8937,,96.120000,,,,,,,,,
8939,,96.480000,,,,,,,,,
8941,,96.840000,,,,,,,,,
8943,,97.200000,,,,,,,,,
8945,,97.560000,,,,,,,,,
8947,,97.920000,,,,,,,,,
8949,,98.280000,,,,,,,,,
8951,,98.640000,,,,,,,,,
8953,,99.000000,,,,,,,,,
8955,,99.360000,,,,,,,,,
8957,,99.720000,,,,,,,,,
8959,,100.080000,,,,,,,,,
8961,,100.440000,,,,,,,,,
8963,,100.800000,,,,,,,,,
8965,,101.160000,,,,,,,,,
8967,,101.520000,,,,,,,,,
8969,,101.880000,,,,,,,,,
8971,,102.240000,,,,,,,,,
8973,,102.600000,,,,,,,,,
8975,,102.960000,,,,,,,,,
8977,,103.320000,,,,,,,,,
8979,,103.680000,,,,,,,,,
8981,,104.040000,,,,,,,,,
8983,,104.400000,,,,,,,,,
8985,,104.760000,,,,,,,,,
8987,,105.120000,,,,,,,,,
8989,,105.480000,,,,,,,,,
8991,,105.840000,,,,,,,,,
8993,,106.200000,,,,,,,,,
8995,,106.560000,,,,,,,,,
8997,,106.920000,,,,,,,,,
8999,,107.280000,,,,,,,,,0
9001,,107.640000,,,,,,,,,
9003,,108.000000,,,,,,,,,
9005,,108.360000,,,,,,,,,
9007,,108.720000,,,,,,,,,
9009,,109.080000,,,,,,,,,
9011,,109.440000,,,,,,,,,
9013,,109.800000,,,,,,,,,
9015,,110.160000,,,,,,,,,
9017,,110.520000,,,,,,,,,
9019,,110.880000,,,,,,,,,
9021,,111.240000,,,,,,,,,
9023,,111.600000,,,,,,,,,
9025,,111.960000,,,,,,,,,
9027,,112.320000,,,,,,,,,
9029,,112.680000,,,,,,,,,
9031,,113.040000,,,,,,,,,
9033,,113.400000,,,,,,,,,
9035,,113.760000,,,,,,,,,
9037,,114.120000,,,,,,,,,
9039,,114.480000,,,,,,,,,
9041,,114.840000,,,,,,,,,
9043,,115.200000,,,,,,,,,
9045,,115.560000,,,,,,,,,
9047,,115.920000,,,,,,,,,
9049,,116.280000,,,,,,,,,
9051,,116.640000,,,,,,,,,
9053,,117.000000,,,,,,,,,
9055,,117.360000,,,,,,,,,
9057,,117.720000,,,,,,,,,
9059,,118.080000,,,,,,,,,
9061,,118.440000,,,,,,,,,
9063,,118.800000,,,,,,,,,
9065,,119.160000,,,,,,,,,
9067,,119.520000,,,,,,,,,
9069,,119.880000,,,,,,,,,
9071,,120.240000,,,,,,,,,
9073,,120.600000,,,,,,,,,
9075,,120.960000,,,,,,,,,
9077,,121.320000,,,,,,,,,
9079,,121.680000,,,,,,,,,
9081,,122.040000,,,,,,,,,
9083,,122.400000,,,,,,,,,
9085,,122.760000,,,,,,,,,
9087,,123.120000,,,,,,,,,
9089,,123.480000,,,,,,,,,
9091,,123.840000,,,,,,,,,
9093,,124.200000,,,,,,,,,
9095,,124.560000,,,,,,,,,
9097,,124.920000,,,,,,,,,
9099,,125.280000,,,,,,,0,,
9101,,125.640000,,0,,,,,,,
9103,,126.000000,0.000000,,,,,,,,
9899,,,,,,4,,,,,
9999,,,,,,,,,,,1
10099,,,,,,,,,1,,
10101,,,,1,,,,,,,
10103,,,30.000000,,,,,,,,
10105,,126.360000,,,,,,,,,
10107,,126.720000,,,,,,,,,
10109,,127.080000,,,,,,,,,
10111,,127.440000,,,,,,,,,
10113,,127.800000,,,,,,,,,
10115,,128.160000,,,,,,,,,
10117,,128.520000,,,,,,,,,
10119,,128.880000,,,,,,,,,
10121,,129.240000,,,,,,,,,
10123,,129.600000,,,,,,,,,
10125,,129.960000,,,,,,,,,
10127,,130.320000,,,,,,,,,
10129,,130.680000,,,,,,,,,
10131,,131.040000,,,,,,,,,
10133,,131.400000,,,,,,,,,
10135,,131.760000,,,,,,,,,
10137,,132.120000,,,,,,,,,
10139,,132.480000,,,,,,,,,
10141,,132.840000,,,,,,,,,
10143,,133.200000,,,,,,,,,
10145,,133.560000,,,,,,,,,
10147,,133.920000,,,,,,,,,
10149,,134.280000,,,,,,,,,
10151,,134.640000,,,,,,,,,
10153,,135.000000,,,,,,,,,
10155,,135.360000,,,,,,,,,
10157,,135.720000,,,,,,,,,
10159,,136.080000,,,,,,,,,
10161,,136.440000,,,,,,,,,
10163,,136.800000,,,,,,,,,
10165,,137.160000,,,,,,,,,
10167,,137.520000,,,,,,,,,
10169,,137.880000,,,,,,,,,
10171,,138.240000,,,,,,,,,
10173,,138.600000,,,,,,,,,
10175,,138.960000,,,,,,,,,
10177,,139.320000,,,,,,,,,
10179,,139.680000,,,,,,,,,
10181,,140.040000,,,,,,,,,
10183,,140.400000,,,,,,,,,
10185,,140.760000,,,,,,,,,
10187,,141.120000,,,,,,,,,
10189,,141.480000,,,,,,,,,
10191,,141.840000,,,,,,,,,
10193,,142.200000,,,,,,,,,
10195,,142.560000,,,,,,,,,
10197,,142.920000,,,,,,,,,
10199,,143.280000,,,,,,,,,
10201,,143.640000,,,,,,,,,
10203,,144.000000,,,,,,,,,
10205,,144.360000,,,,,,,,,
10207,,144.720000,,,,,,,,,
10209,,145.080000,,,,,,,,,
10211,,145.440000,,,,,,,,,
10213,,145.800000,,,,,,,,,
10215,,146.160000,,,,,,,,,
10217,,146.520000,,,,,,,,,
10219,,146.880000,,,,,,,,,
10221,,147.240000,,,,,,,,,
10223,,147.600000,,,,,,,,,
10225,,147.960000,,,,,,,,,
10227,,148.320000,,,,,,,,,
10229,,148.680000,,,,,,,,,
10231,,149.040000,,,,,,,,,
10233,,149.400000,,,,,,,,,
10235,,149.760000,,,,,,,,,
10237,,150.120000,,,,,,,,,
10239,,150.480000,,,,,,,,,
10241,,150.840000,,,,,,,,,
10243,,151.200000,,,,,,,,,
10245,,151.560000,,,,,,,,,
10247,,151.920000,,,,,,,,,
10249,,152.280000,,,,,,,,,
10251,,152.640000,,,,,,,,,
10253,,153.000000,,,,,,,,,
10255,,153.360000,,,,,,,,,
10257,,153.720000,,,,,,,,,
10259,,154.080000,,,,,,,,,
10261,,154.440000,,,,,,,,,
10263,,154.800000,,,,,,,,,
10265,,155.160000,,,,,,,,,
10267,,155.520000,,,,,,,,,
10269,,155.880000,,,,,,,,,
10271,,156.240000,,,,,,,,,
10273,,156.600000,,,,,,,,,
10275,,156.960000,,,,,,,,,
10277,,157.320000,,,,,,,,,
10279,,157.680000,,,,,,,,,
10281,,158.040000,,,,,,,,,
10283,,158.400000,,,,,,,,,
10285,,158.760000,,,,,,,,,
10287,,159.120000,,,,,,,,,
10289,,159.480000,,,,,,,,,
10291,,159.840000,,,,,,,,,
10293,,160.200000,,,,,,,,,
10295,,160.560000,,,,,,,,,
10297,,160.920000,,,,,,,,,
10299,,161.280000,,,,,,,,,
10301,,161.640000,,,,,,,,,
10303,,162.000000,,,,,,,,,
10305,,162.360000,,,,,,,,,
10307,,162.720000,,,,,,,,,
10309,,163.080000,,,,,,,,,
10311,,163.440000,,,,,,,,,
10313,,163.800000,,,,,,,,,
10315,,164.160000,,,,,,,,,
10317,,164.520000,,,,,,,,,
10319,,164.880000,,,,,,,,,
10321,,165.240000,,,,,,,,,
10323,,165.600000,,,,,,,,,
10325,,165.960000,,,,,,,,,
10327,,166.320000,,,,,,,,,
10329,,166.680000,,,,,,,,,
10331,,167.040000,,,,,,,,,
10333,,167.400000,,,,,,,,,
10335,,167.760000,,,,,,,,,
10337,,168.120000,,,,,,,,,
10339,,168.480000,,,,,,,,,
10341,,168.840000,,,,,,,,,
10343,,169.200000,,,,,,,,,
10345,,169.560000,,,,,,,,,
10347,,169.920000,,,,,,,,,
10349,,170.280000,,,,,,,,,
10351,,170.640000,,,,,,,,,
10353,,171.000000,,,,,,,,,
10355,,171.360000,,,,,,,,,
10357,,171.720000,,,,,,,,,
10359,,172.080000,,,,,,,,,
10361,,172.440000,,,,,,,,,
10363,,172.800000,,,,,,,,,
10365,,173.160000,,,,,,,,,
10367,,173.520000,,,,,,,,,
10369,,173.880000,,,,,,,,,
10371,,174.240000,,,,,,,,,
10373,,174.600000,,,,,,,,,
10375,,174.960000,,,,,,,,,
10377,,175.320000,,,,,,,,,
10379,,175.680000,,,,,,,,,
10381,,176.040000,,,,,,,,,
10383,,176.400000,,,,,,,,,
10385,,176.760000,,,,,,,,,
10387,,177.120000,,,,,,,,,
10389,,177.480000,,,,,,,,,
10391,,177.840000,,,,,,,,,
10393,,178.200000,,,,,,,,,
10395,,178.560000,,,,,,,,,
10397,,178.920000,,,,,,,,,
10399,,179.280000,,,,,,,,,
10401,,179.640000,,,,,,,,,
10403,,180.000000,,,,,,,,,
10405,,180.360000,,,,,,,,,
10407,,180.720000,,,,,,,,,
10409,,181.080000,,,,,,,,,
10411,,181.440000,,,,,,,,,
10413,,181.800000,,,,,,,,,
10415,,182.160000,,,,,,,,,
10417,,182.520000,,,,,,,,,
10419,,182.880000,,,,,,,,,
10421,,183.240000,,,,,,,,,
10423,,183.600000,,,,,,,,,
10425,,183.960000,,,,,,,,,
10427,,184.320000,,,,,,,,,
10429,,184.680000,,,,,,,,,
10431,,185.040000,,,,,,,,,
10433,,185.400000,,,,,,,,,
10435,,185.760000,,,,,,,,,
10437,,186.120000,,,,,,,,,
10439,,186.480000,,,,,,,,,
10441,,186.840000,,,,,,,,,
10443,,187.200000,,,,,,,,,
10445,,187.560000,,,,,,,,,
10447,,187.920000,,,,,,,,,
10449,,188.280000,,,,,,,,,
10451,,188.640000,,,,,,,,,
10453,,189.000000,,,,,,,,,
10455,,189.360000,,,,,,,,,
10457,,189.720000,,,,,,,,,
10459,,190.080000,,,,,,,,,
10461,,190.440000,,,,,,,,,
10463,,190.800000,,,,,,,,,
10465,,191.160000,,,,,,,,,
10467,,191.520000,,,,,,,,,
10469,,191.880000,,,,,,,,,
10471,,192.240000,,,,,,,,,
10473,,192.600000,,,,,,,,,
10475,,192.960000,,,,,,,,,
10477,,193.320000,,,,,,,,,
10479,,193.680000,,,,,,,,,
10481,,194.040000,,,,,,,,,
10483,,194.400000,,,,,,,,,
10485,,194.760000,,,,,,,,,
10487,,195.120000,,,,,,,,,
10489,,195.480000,,,,,,,,,
10491,,195.840000,,,,,,,,,
10493,,196.200000,,,,,,,,,
10495,,196.560000,,,,,,,,,
10497,,196.920000,,,,,,,,,
10499,,197.280000,,,,,,,,,
10501,,197.640000,,,,,,,,,
10503,,198.000000,,,,,,,,,
10505,,198.360000,,,,,,,,,
10507,,198.720000,,,,,,,,,
10509,,199.080000,,,,,,,,,
10511,,199.440000,,,,,,,,,
10513,,199.800000,,,,,,,,,
10515,,200.160000,,,,,,,,,
10517,,200.520000,,,,,,,,,
10519,,200.880000,,,,,,,,,
10521,,201.240000,,,,,,,,,
10523,,201.600000,,,,,,,,,
10525,,201.960000,,,,,,,,,
10527,,202.320000,,,,,,,,,
10529,,202.680000,,,,,,,,,
10531,,203.040000,,,,,,,,,
10533,,203.400000,,,,,,,,,
10535,,203.760000,,,,,,,,,
10537,,204.120000,,,,,,,,,
10539,,204.480000,,,,,,,,,
10541,,204.840000,,,,,,,,,
10543,,205.200000,,,,,,,,,
10545,,205.560000,,,,,,,,,
10547,,205.920000,,,,,,,,,
10549,,206.280000,,,,,,,,,
10551,,206.640000,,,,,,,,,
10553,,207.000000,,,,,,,,,
10555,,207.360000,,,,,,,,,
10557,,207.720000,,,,,,,,,
10559,,208.080000,,,,,,,,,
10561,,208.440000,,,,,,,,,
10563,,208.800000,,,,,,,,,
10565,,209.160000,,,,,,,,,
10567,,209.520000,,,,,,,,,
10569,,209.880000,,,,,,,,,
10571,,210.240000,,,,,,,,,
10573,,210.600000,,,,,,,,,
10575,,210.960000,,,,,,,,,
10577,,211.320000,,,,,,,,,
10579,,211.680000,,,,,,,,,
10581,,212.040000,,,,,,,,,
10583,,212.400000,,,,,,,,,
10585,,212.760000,,,,,,,,,
10587,,213.120000,,,,,,,,,
10589,,213.480000,,,,,,,,,
10591,,213.840000,,,,,,,,,
10593,,214.200000,,,,,,,,,
10595,,214.560000,,,,,,,,,
10597,,214.920000,,,,,,,,,
10599,,215.280000,,,,,,,,,
10601,,215.640000,,,,,,,,,
10603,,216.000000,,,,,,,,,
10605,,216.360000,,,,,,,,,
10607,,216.720000,,,,,,,,,
10609,,217.080000,,,,,,,,,
10611,,217.440000,,,,,,,,,
10613,,217.800000,,,,,,,,,
10615,,218.160000,,,,,,,,,
10617,,218.520000,,,,,,,,,
10619,,218.880000,,,,,,,,,
10621,,219.240000,,,,,,,,,
10623,,219.600000,,,,,,,,,
10625,,219.960000,,,,,,,,,
10627,,220.320000,,,,,,,,,
10629,,220.680000,,,,,,,,,
10631,,221.040000,,,,,,,,,
10633,,221.400000,,,,,,,,,
10635,,221.760000,,,,,,,,,
10637,,222.120000,,,,,,,,,
10639,,222.480000,,,,,,,,,
10641,,222.840000,,,,,,,,,
10643,,223.200000,,,,,,,,,
10645,,223.560000,,,,,,,,,
10647,,223.920000,,,,,,,,,
10649,,224.280000,,,,,,,,,
10651,,224.640000,,,,,,,,,
10653,,225.000000,,,,,,,,,
10655,,225.360000,,,,,,,,,
10657,,225.720000,,,,,,,,,
10659,,226.080000,,,,,,,,,
10661,,226.440000,,,,,,,,,
10663,,226.800000,,,,,,,,,
10665,,227.160000,,,,,,,,,
10667,,227.520000,,,,,,,,,
10669,,227.880000,,,,,,,,,
10671,,228.240000,,,,,,,,,
10673,,228.600000,,,,,,,,,
10675,,228.960000,,,,,,,,,
10677,,229.320000,,,,,,,,,
10679,,229.680000,,,,,,,,,
10681,,230.040000,,,,,,,,,
10683,,230.400000,,,,,,,,,
10685,,230.760000,,,,,,,,,
10687,,231.120000,,,,,,,,,
10689,,231.480000,,,,,,,,,
10691,,231.840000,,,,,,,,,
10693,,232.200000,,,,,,,,,
10695,,232.560000,,,,,,,,,
10697,,232.920000,,,,,,,,,
10699,,233.280000,,,,,,,,,
10701,,233.640000,,,,,,,,,
10703,,234.000000,,,,,,,,,
10705,,234.360000,,,,,,,,,
10707,,234.720000,,,,,,,,,
10709,,235.080000,,,,,,,,,
10711,,235.440000,,,,,,,,,
10713,,235.800000,,,,,,,,,
10715,,236.160000,,,,,,,,,
10717,,236.520000,,,,,,,,,
10719,,236.880000,,,,,,,,,
10721,,237.240000,,,,,,,,,
10723,,237.600000,,,,,,,,,
10725,,237.960000,,,,,,,,,
10727,,238.320000,,,,,,,,,
10729,,238.680000,,,,,,,,,
10731,,239.040000,,,,,,,,,
10733,,239.400000,,,,,,,,,
10735,,239.760000,,,,,,,,,
10737,,240.120000,,,,,,,,,
10739,,240.480000,,,,,,,,,
10741,,240.840000,,,,,,,,,
10743,,241.200000,,,,,,,,,
10745,,241.560000,,,,,,,,,
10747,,241.920000,,,,,,,,,
10749,,242.280000,,,,,,,,,
10751,,242.640000,,,,,,,,,
10753,,243.000000,,,,,,,,,
10755,,243.360000,,,,,,,,,
10757,,243.720000,,,,,,,,,
10759,,244.080000,,,,,,,,,
10761,,244.440000,,,,,,,,,
10763,,244.800000,,,,,,,,,
10765,,245.160000,,,,,,,,,
10767,,245.520000,,,,,,,,,
10769,,245.880000,,,,,,,,,
10771,,246.240000,,,,,,,,,
10773,,246.600000,,,,,,,,,
10775,,246.960000,,,,,,,,,
10777,,247.320000,,,,,,,,,
10779,,247.680000,,,,,,,,,
10781,,248.040000,,,,,,,,,
10783,,248.400000,,,,,,,,,
10785,,248.760000,,,,,,,,,
10787,,249.120000,,,,,,,,,
10789,,249.480000,,,,,,,,,
10791,,249.840000,,,,,,,,,
10793,,250.200000,,,,,,,,,
10795,,250.560000,,,,,,,,,
10797,,250.920000,,,,,,,,,
10799,,251.280000,,,,,,,,,
10801,,251.640000,,,,,,,,,
10803,,252.000000,,,,,,,,,
10805,,252.360000,,,,,,,,,
10807,,252.720000,,,,,,,,,
10809,,253.080000,,,,,,,,,
10811,,253.440000,,,,,,,,,
10813,,253.800000,,,,,,,,,
10815,,254.160000,,,,,,,,,
10817,,254.520000,,,,,,,,,
10819,,254.880000,,,,,,,,,
10821,,255.240000,,,,,,,,,
10823,,255.600000,,,,,,,,,
10825,,255.960000,,,,,,,,,
10827,,256.320000,,,,,,,,,
10829,,256.680000,,,,,,,,,
10831,,257.040000,,,,,,,,,
10833,,257.400000,,,,,,,,,
10835,,257.760000,,,,,,,,,
10837,,258.120000,,,,,,,,,
10839,,258.480000,,,,,,,,,
10841,,258.840000,,,,,,,,,
10843,,259.200000,,,,,,,,,
10845,,259.560000,,,,,,,,,
10847,,259.920000,,,,,,,,,
10849,,260.280000,,,,,,,,,
10851,,260.640000,,,,,,,,,
10853,,261.000000,,,,,,,,,
10855,,261.360000,,,,,,,,,
10857,,261.720000,,,,,,,,,
10859,,262.080000,,,,,,,,,
10861,,262.440000,,,,,,,,,
10863,,262.800000,,,,,,,,,
10865,,263.160000,,,,,,,,,
10867,,263.520000,,,,,,,,,
10869,,263.880000,,,,,,,,,
10871,,264.240000,,,,,,,,,
10873,,264.600000,,,,,,,,,
10875,,264.960000,,,,,,,,,
10877,,265.320000,,,,,,,,,
10879,,265.680000,,,,,,,,,
10881,,266.040000,,,,,,,,,
10883,,266.400000,,,,,,,,,
10885,,266.760000,,,,,,,,,
10887,,267.120000,,,,,,,,,
10889,,267.480000,,,,,,,,,
10891,,267.840000,,,,,,,,,
10893,,268.200000,,,,,,,,,
10895,,268.560000,,,,,,,,,
10897,,268.920000,,,,,,,,,
10899,,269.280000,,,,,,,,,
10901,,269.640000,,,,,,,,,
10903,,270.000000,,,,,,,,,
10905,,270.360000,,,,,,,,,
10907,,270.720000,,,,,,,,,
10909,,271.080000,,,,,,,,,
10911,,271.440000,,,,,,,,,
10913,,271.800000,,,,,,,,,
10915,,272.160000,,,,,,,,,
10917,,272.520000,,,,,,,,,
10919,,272.880000,,,,,,,,,
10921,,273.240000,,,,,,,,,
10923,,273.600000,,,,,,,,,
10925,,273.960000,,,,,,,,,
10927,,274.320000,,,,,,,,,
10929,,274.680000,,,,,,,,,
10931,,275.040000,,,,,,,,,
10933,,275.400000,,,,,,,,,
10935,,275.760000,,,,,,,,,
10937,,276.120000,,,,,,,,,
10939,,276.480000,,,,,,,,,
10941,,276.840000,,,,,,,,,
10943,,277.200000,,,,,,,,,
10945,,277.560000,,,,,,,,,
10947,,277.920000,,,,,,,,,
10949,,278.280000,,,,,,,,,
10951,,278.640000,,,,,,,,,
10953,,279.000000,,,,,,,,,
10955,,279.360000,,,,,,,,,
10957,,279.720000,,,,,,,,,
10959,,280.080000,,,,,,,,,
10961,,280.440000,,,,,,,,,
10963,,280.800000,,,,,,,,,
10965,,281.160000,,,,,,,,,
10967,,281.520000,,,,,,,,,
10969,,281.880000,,,,,,,,,
10971,,282.240000,,,,,,,,,
10973,,282.600000,,,,,,,,,
10975,,282.960000,,,,,,,,,
10977,,283.320000,,,,,,,,,
10979,,283.680000,,,,,,,,,
10981,,284.040000,,,,,,,,,
10983,,284.400000,,,,,,,,,
10985,,284.760000,,,,,,,,,
10987,,285.120000,,,,,,,,,
10989,,285.480000,,,,,,,,,
10991,,285.840000,,,,,,,,,
10993,,286.200000,,,,,,,,,
10995,,286.560000,,,,,,,,,
10997,,286.920000,,,,,,,,,
10999,,287.280000,,,,,,,,,
11001,,287.640000,,,,,,,,,
11003,,288.000000,,,,,,,,,
11005,,288.360000,,,,,,,,,
11007,,288.720000,,,,,,,,,
11009,,289.080000,,,,,,,,,
11011,,289.440000,,,,,,,,,
11013,,289.800000,,,,,,,,,
11015,,290.160000,,,,,,,,,
11017,,290.520000,,,,,,,,,
11019,,290.880000,,,,,,,,,
11021,,291.240000,,,,,,,,,
11023,,291.600000,,,,,,,,,
11025,,291.960000,,,,,,,,,
11027,,292.320000,,,,,,,,,
11029,,292.680000,,,,,,,,,
11031,,293.040000,,,,,,,,,
11033,,293.400000,,,,,,,,,
11035,,293.760000,,,,,,,,,
11037,,294.120000,,,,,,,,,
11039,,294.480000,,,,,,,,,
11041,,294.840000,,,,,,,,,
11043,,295.200000,,,,,,,,,
11045,,295.560000,,,,,,,,,
11047,,295.920000,,,,,,,,,
11049,,296.280000,,,,,,,,,
11051,,296.640000,,,,,,,,,
11053,,297.000000,,,,,,,,,
11055,,297.360000,,,,,,,,,
11057,,297.720000,,,,,,,,,
11059,,298.080000,,,,,,,,,
11061,,298.440000,,,,,,,,,
11063,,298.800000,,,,,,,,,
11065,,299.160000,,,,,,,,,
11067,,299.520000,,,,,,,,,
11069,,299.880000,,,,,,,,,
11071,,300.240000,,,,,,,,,
11073,,300.600000,,,,,,,,,
11075,,300.960000,,,,,,,,,
11077,,301.320000,,,,,,,,,
11079,,301.680000,,,,,,,,,
11081,,302.040000,,,,,,,,,
11083,,302.400000,,,,,,,,,
11085,,302.760000,,,,,,,,,
11087,,303.120000,,,,,,,,,
11089,,303.480000,,,,,,,,,
11091,,303.840000,,,,,,,,,
11093,,304.200000,,,,,,,,,
11095,,304.560000,,,,,,,,,
11097,,304.920000,,,,,,,,,
11099,,305.280000,,,,,,,,,
11101,,305.640000,,,,,,,,,
11103,,306.000000,,,,,,,,,
11105,,306.360000,,,,,,,,,
11107,,306.720000,,,,,,,,,
11109,,307.080000,,,,,,,,,
11111,,307.440000,,,,,,,,,
11113,,307.800000,,,,,,,,,
11115,,308.160000,,,,,,,,,
11117,,308.520000,,,,,,,,,
11119,,308.880000,,,,,,,,,
11121,,309.240000,,,,,,,,,
11123,,309.600000,,,,,,,,,
11125,,309.960000,,,,,,,,,
11127,,310.320000,,,,,,,,,
11129,,310.680000,,,,,,,,,
11131,,311.040000,,,,,,,,,
11133,,311.400000,,,,,,,,,
11135,,311.760000,,,,,,,,,
11137,,312.120000,,,,,,,,,
11139,,312.480000,,,,,,,,,
11141,,312.840000,,,,,,,,,
11143,,313.200000,,,,,,,,,
11145,,313.560000,,,,,,,,,
11147,,313.920000,,,,,,,,,
11149,,314.280000,,,,,,,,,
11151,,314.640000,,,,,,,,,
11153,,315.000000,,,,,,,,,
11155,,315.360000,,,,,,,,,
11157,,315.720000,,,,,,,,,
11159,,316.080000,,,,,,,,,
11161,,316.440000,,,,,,,,,
11163,,316.800000,,,,,,,,,
11165,,317.160000,,,,,,,,,
11167,,317.520000,,,,,,,,,
11169,,317.880000,,,,,,,,,
11171,,318.240000,,,,,,,,,
11173,,318.600000,,,,,,,,,
11175,,318.960000,,,,,,,,,
11177,,319.320000,,,,,,,,,
11179,,319.680000,,,,,,,,,
11181,,320.040000,,,,,,,,,
11183,,320.400000,,,,,,,,,
11185,,320.760000,,,,,,,,,
11187,,321.120000,,,,,,,,,
11189,,321.480000,,,,,,,,,
11191,,321.840000,,,,,,,,,
11193,,322.200000,,,,,,,,,
11195,,322.560000,,,,,,,,,
11197,,322.920000,,,,,,,,,
11199,,323.280000,,,,,,,,,
11201,,323.640000,,,,,,,,,
11203,,324.000000,,,,,,,,,
11205,,324.360000,,,,,,,,,
11207,,324.720000,,,,,,,,,
11209,,325.080000,,,,,,,,,
11211,,325.440000,,,,,,,,,
11213,,325.800000,,,,,,,,,
11215,,326.160000,,,,,,,,,
11217,,326.520000,,,,,,,,,
11219,,326.880000,,,,,,,,,
11221,,327.240000,,,,,,,,,
11223,,327.600000,,,,,,,,,
11225,,327.960000,,,,,,,,,
11227,,328.320000,,,,,,,,,
11229,,328.680000,,,,,,,,,
11231,,329.040000,,,,,,,,,
11233,,329.400000,,,,,,,,,
11235,,329.760000,,,,,,,,,
11237,,330.120000,,,,,,,,,
11239,,330.480000,,,,,,,,,
11241,,330.840000,,,,,,,,,
11243,,331.200000,,,,,,,,,
11245,,331.560000,,,,,,,,,
11247,,331.920000,,,,,,,,,
11249,,332.280000,,,,,,,,,
11251,,332.640000,,,,,,,,,
11253,,333.000000,,,,,,,,,
11255,,333.360000,,,,,,,,,
11257,,333.720000,,,,,,,,,
11259,,334.080000,,,,,,,,,
11261,,334.440000,,,,,,,,,
11263,,334.800000,,,,,,,,,
11265,,335.160000,,,,,,,,,
11267,,335.520000,,,,,,,,,
11269,,335.880000,,,,,,,,,
11271,,336.240000,,,,,,,,,
11273,,336.600000,,,,,,,,,
11275,,336.960000,,,,,,,,,
11277,,337.320000,,,,,,,,,
11279,,337.680000,,,,,,,,,
11281,,338.040000,,,,,,,,,
11283,,338.400000,,,,,,,,,
11285,,338.760000,,,,,,,,,
11287,,339.120000,,,,,,,,,
11289,,339.480000,,,,,,,,,
11291,,339.840000,,,,,,,,,
11293,,340.200000,,,,,,,,,
11295,,340.560000,,,,,0,,,,
11297,,340.920000,,,,,,,,,
11299,,341.280000,,,,,,0,,,
11301,,341.640000,,,,,,,,,
11303,,342.000000,,,,,,,,,
11305,,342.360000,,,,,,,,,
11307,,342.720000,,,,,,,,,
11309,,343.080000,,,,,,,,,
11311,,343.440000,,,,,,,,,
11313,,343.800000,,,,,,,,,
11315,,344.160000,,,,,,,,,
11317,,344.520000,,,,,,,,,
11319,,344.880000,,,,,,,,,
11321,,345.240000,,,,,,,,,
11323,,345.600000,,,,,,,,,
11325,,345.960000,,,,,,,,,
11327,,346.320000,,,,,,,,,
11329,,346.680000,,,,,,,,,
11331,,347.040000,,,,,,,,,
11333,,347.400000,,,,,,,,,
11335,,347.760000,,,,,,,,,
11337,,348.120000,,,,,,,,,
11339,,348.480000,,,,,,,,,
11341,,348.840000,,,,,,,,,
11343,,349.200000,,,,,,,,,
11345,,349.560000,,,,,,,,,
11347,,349.920000,,,,,,,,,
11349,,350.280000,,,,,,,,,
11351,,350.640000,,,,,,,,,
11353,,351.000000,,,,,,,,,
11355,,351.360000,,,,,,,,,
11357,,351.720000,,,,,,,,,
11359,,352.080000,,,,,,,,,
11361,,352.440000,,,,,,,,,
11363,,352.800000,,,,,,,,,
11365,,353.160000,,,,,,,,,
11367,,353.520000,,,,,,,,,
11369,,353.880000,,,,,,,,,
11371,,354.240000,,,,,,,,,
11373,,354.600000,,,,,,,,,
11375,,354.960000,,,,,,,,,
11377,,355.320000,,,,,,,,,
11379,,355.680000,,,,,,,,,
11381,,356.040000,,,,,,,,,
11383,,356.400000,,,,,,,,,
11385,,356.760000,,,,,,,,,
11387,,357.120000,,,,,,,,,
11389,,357.480000,,,,,,,,,
11391,,357.840000,,,,,,,,,
11393,,358.200000,,,,,,,,,
11395,,358.560000,,,,,,,,,
11397,,358.920000,,,,,,,,,
11399,,359.280000,,,,,,,,,
11401,,359.640000,,,,,,,,,
11403,,0.000000,,,,,,,,,
11405,,0.360000,,,,,,,,,
11407,,0.720000,,,,,,,,,
11409,,1.080000,,,,,,,,,
11411,,1.440000,,,,,,,,,
11413,,1.800000,,,,,,,,,
11415,,2.160000,,,,,,,,,
11417,,2.520000,,,,,,,,,
11419,,2.880000,,,,,,,,,
11421,,3.240000,,,,,,,,,
11423,,3.600000,,,,,,,,,
11425,,3.960000,,,,,,,,,
11427,,4.320000,,,,,,,,,
11429,,4.680000,,,,,,,,,
11431,,5.040000,,,,,,,,,
11433,,5.400000,,,,,,,,,
11435,,5.760000,,,,,,,,,
11437,,6.120000,,,,,,,,,
11439,,6.480000,,,,,,,,,
11441,,6.840000,,,,,,,,,
11443,,7.200000,,,,,,,,,
11445,,7.560000,,,,,,,,,
11447,,7.920000,,,,,,,,,
11449,,8.280000,,,,,,,,,
11451,,8.640000,,,,,,,,,
11453,,9.000000,,,,,,,,,
11455,,9.360000,,,,,,,,,
11457,,9.720000,,,,,,,,,
11459,,10.080000,,,,,,,,,
11461,,10.440000,,,,,,,,,
11463,,10.800000,,,,,,,,,
11465,,11.160000,,,,,,,,,
11467,,11.520000,,,,,,,,,
11469,,11.880000,,,,,,,,,
11471,,12.240000,,,,,,,,,
11473,,12.600000,,,,,,,,,
11475,,12.960000,,,,,,,,,
11477,,13.320000,,,,,,,,,
11479,,13.680000,,,,,,,,,
11481,,14.040000,,,,,,,,,
11483,,14.400000,,,,,,,,,
11485,,14.760000,,,,,,,,,
11487,,15.120000,,,,,,,,,
11489,,15.480000,,,,,,,,,
11491,,15.840000,,,,,,,,,
11493,,16.200000,,,,,,,,,
11495,,16.560000,,,,,,,,,
11497,,16.920000,,,,,,,,,
11499,,17.280000,,,,,,,,,
11501,,17.640000,,,,,,,,,
11503,,18.000000,,,,,,,,,
11505,,18.360000,,,,,,,,,
11507,,18.720000,,,,,,,,,
11509,,19.080000,,,,,,,,,
11511,,19.440000,,,,,,,,,
11513,,19.800000,,,,,,,,,
11515,,20.160000,,,,,,,,,
11517,,20.520000,,,,,1,,,,
11519,,20.880000,,,,,,,,,
11521,,21.240000,,,,,,,,,
11523,,21.600000,,,,,,,,,
11525,,21.960000,,,,,,,,,
11527,,22.320000,,,,,,,,,
11529,,22.680000,,,,,,,,,
11531,,23.040000,,,,,,,,,
11533,,23.400000,,,,,,,,,
11535,,23.760000,,,,,,,,,
11537,,24.120000,,,,,,,,,
11539,,24.480000,,,,,,,,,
11541,,24.840000,,,,,,,,,
11543,,25.200000,,,,,,,,,
11545,,25.560000,,,,,,,,,
11547,,25.920000,,,,,,,,,
11549,,26.280000,,,,,,1,,,
11551,,26.640000,,,,,,,,,
11553,,27.000000,,,,,,,,,
11555,,27.360000,,,,,,,,,
11557,,27.720000,,,,,,,,,
11559,,28.080000,,,,,,,,,
11561,,28.440000,,,,,,,,,
11563,,28.800000,,,,,,,,,
11565,,29.160000,,,,,,,,,
11567,,29.520000,,,,,,,,,
11569,,29.880000,,,,,,,,,
11571,,30.240000,,,,,,,,,
11573,,30.600000,,,,,,,,,
11575,,30.960000,,,,,,,,,
11577,,31.320000,,,,,,,,,
11579,,31.680000,,,,,,,,,
11581,,32.040000,,,,,,,,,
11583,,32.400000,,,,,,,,,
11585,,32.760000,,,,,,,,,
11587,,33.120000,,,,,,,,,
11589,,33.480000,,,,,,,,,
11591,,33.840000,,,,,,,,,
11593,,34.200000,,,,,,,,,
11595,,34.560000,,,,,,,,,
11597,,34.920000,,,,,,,,,
11599,,35.280000,,,,,,,,,
11601,,35.640000,,,,,,,,,
11603,,36.000000,,,,,,,,,
11605,,36.360000,,,,,,,,,
11607,,36.720000,,,,,,,,,
11609,,37.080000,,,,,,,,,
11611,,37.440000,,,,,,,,,
11613,,37.800000,,,,,,,,,
11615,,38.160000,,,,,,,,,
11617,,38.520000,,,,,,,,,
11619,,38.880000,,,,,,,,,
11621,,39.240000,,,,,,,,,
11623,,39.600000,,,,,,,,,
11625,,39.960000,,,,,,,,,
11627,,40.320000,,,,,,,,,
11629,,40.680000,,,,,,,,,
11631,,41.040000,,,,,,,,,
11633,,41.400000,,,,,,,,,
11635,,41.760000,,,,,,,,,
11637,,42.120000,,,,,,,,,
11639,,42.480000,,,,,,,,,
11641,,42.840000,,,,,,,,,
11643,,43.200000,,,,,,,,,
11645,,43.560000,,,,,,,,,
11647,,43.920000,,,,,,,,,
11649,,44.280000,,,,,,,,,
11651,,44.640000,,,,,,,,,
11653,,45.000000,,,,,,,,,
11655,,45.360000,,,,,,,,,
11657,,45.720000,,,,,,,,,
11659,,46.080000,,,,,,,,,
11661,,46.440000,,,,,,,,,
11663,,46.800000,,,,,,,,,
11665,,47.160000,,,,,,,,,
11667,,47.520000,,,,,,,,,
11669,,47.880000,,,,,,,,,
11671,,48.240000,,,,,,,,,
11673,,48.600000,,,,,,,,,
11675,,48.960000,,,,,,,,,
11677,,49.320000,,,,,,,,,
11679,,49.680000,,,,,,,,,
11681,,50.040000,,,,,,,,,
11683,,50.400000,,,,,,,,,
11685,,50.760000,,,,,,,,,
11687,,51.120000,,,,,,,,,
11689,,51.480000,,,,,,,,,
11691,,51.840000,,,,,,,,,
11693,,52.200000,,,,,,,,,
11695,,52.560000,,,,,,,,,
11697,,52.920000,,,,,,,,,
11699,,53.280000,,,,,,,,,
11701,,53.640000,,,,,,,,,
11703,,54.000000,,,,,,,,,
11705,,54.360000,,,,,,,,,
11707,,54.720000,,,,,,,,,
11709,,55.080000,,,,,,,,,
11711,,55.440000,,,,,,,,,
11713,,55.800000,,,,,,,,,
11715,,56.160000,,,,,,,,,
11717,,56.520000,,,,,,,,,
11719,,56.880000,,,,,,,,,
11721,,57.240000,,,,,,,,,
11723,,57.600000,,,,,,,,,
11725,,57.960000,,,,,,,,,
11727,,58.320000,,,,,,,,,
11729,,58.680000,,,,,,,,,
11731,,59.040000,,,,,,,,,
11733,,59.400000,,,,,,,,,
11735,,59.760000,,,,,,,,,
11737,,60.120000,,,,,,,,,
11739,,60.480000,,,,,,,,,
11741,,60.840000,,,,,,,,,
11743,,61.200000,,,,,,,,,
11745,,61.560000,,,,,,,,,
11747,,61.920000,,,,,,,,,
11749,,62.280000,,,,,,,,,
11751,,62.640000,,,,,,,,,
11753,,63.000000,,,,,,,,,
11755,,63.360000,,,,,,,,,
11757,,63.720000,,,,,,,,,
11759,,64.080000,,,,,,,,,
11761,,64.440000,,,,,,,,,
11763,,64.800000,,,,,,,,,
11765,,65.160000,,,,,,,,,
11767,,65.520000,,,,,,,,,
11769,,65.880000,,,,,,,,,
11771,,66.240000,,,,,,,,,
11773,,66.600000,,,,,,,,,
11775,,66.960000,,,,,,,,,
11777,,67.320000,,,,,,,,,
11779,,67.680000,,,,,,,,,
11781,,68.040000,,,,,,,,,
11783,,68.400000,,,,,,,,,
11785,,68.760000,,,,,,,,,
11787,,69.120000,,,,,,,,,
11789,,69.480000,,,,,,,,,
11791,,69.840000,,,,,,,,,
11793,,70.200000,,,,,,,,,
11795,,70.560000,,,,,,,,,
11797,,70.920000,,,,,,,,,
11799,,71.280000,,,,,,,,,
11801,,71.640000,,,,,,,,,
11803,,72.000000,,,,,,,,,
11805,,72.360000,,,,,,,,,
11807,,72.720000,,,,,,,,,
11809,,73.080000,,,,,,,,,
11811,,73.440000,,,,,,,,,
11813,,73.800000,,,,,,,,,
11815,,74.160000,,,,,,,,,
11817,,74.520000,,,,,,,,,
11819,,74.880000,,,,,,,,,
11821,,75.240000,,,,,,,,,
11823,,75.600000,,,,,,,,,
11825,,75.960000,,,,,,,,,
11827,,76.320000,,,,,,,,,
11829,,76.680000,,,,,,,,,
11831,,77.040000,,,,,,,,,
11833,,77.400000,,,,,,,,,
11835,,77.760000,,,,,,,,,
11837,,78.120000,,,,,,,,,
11839,,78.480000,,,,,,,,,
11841,,78.840000,,,,,,,,,
11843,,79.200000,,,,,,,,,
11845,,79.560000,,,,,,,,,
11847,,79.920000,,,,,,,,,
11849,,80.280000,,,,,,,,,
11851,,80.640000,,,,,,,,,
11853,,81.000000,,,,,,,,,
11855,,81.360000,,,,,,,,,
11857,,81.720000,,,,,,,,,
11859,,82.080000,,,,,,,,,
11861,,82.440000,,,,,,,,,
11863,,82.800000,,,,,,,,,
11865,,83.160000,,,,,,,,,
11867,,83.520000,,,,,,,,,
11869,,83.880000,,,,,,,,,
11871,,84.240000,,,,,,,,,
11873,,84.600000,,,,,,,,,
11875,,84.960000,,,,,,,,,
11877,,85.320000,,,,,,,,,
11879,,85.680000,,,,,,,,,
11881,,86.040000,,,,,,,,,
11883,,86.400000,,,,,,,,,
11885,,86.760000,,,,,,,,,
11887,,87.120000,,,,,,,,,
11889,,87.480000,,,,,,,,,
11891,,87.840000,,,,,,,,,
11893,,88.200000,,,,,,,,,
11895,,88.560000,,,,,,,,,
11897,,88.920000,,,,,,,,,
